S.no,movie_name,director,duration,movie_year,rating
1,The Dark Knight,Christopher Nolan,152 min,2008,9.0
2,The Lord of the Rings: The Return of the King,Peter Jackson,201 min,2003,9.0
3,Spider-Man: Across the Spider-Verse,Joaquim Dos Santos,140 min,2023,8.9
4,Inception,Christopher Nolan,148 min,2010,8.8
5,The Lord of the Rings: The Fellowship of the Ring,Peter Jackson,178 min,2001,8.8
6,The Lord of the Rings: The Two Towers,Peter Jackson,179 min,2002,8.8
7,The Matrix,Lana Wachowski,136 min,1999,8.7
8,Star Wars: Episode V - The Empire Strikes Back,Irvin Kershner,124 min,1980,8.7
9,Soorarai Pottru,Sudha Kongara,153 min,2020,8.7
10,Terminator 2: Judgment Day,James Cameron,137 min,1991,8.6
11,Star Wars: Episode IV - A New Hope,George Lucas,121 min,1977,8.6
12,Seven Samurai,Akira Kurosawa,207 min,1954,8.6
13,Harakiri,Masaki Kobayashi,133 min,1962,8.6
14,Sita Ramam,Hanu Raghavapudi,163 min,2022,8.6
15,Gladiator,Ridley Scott,155 min,2000,8.5
16,Léon: The Professional,Luc Besson,110 min,1994,8.5
17,Raiders of the Lost Ark,Steven Spielberg,115 min,1981,8.4
18,Spider-Man: Into the Spider-Verse,Bob Persichetti,117 min,2018,8.4
19,Avengers: Endgame,Anthony Russo,181 min,2019,8.4
20,Aliens,James Cameron,137 min,1986,8.4
21,Oldboy,Park Chan-wook,101 min,2003,8.4
22,The Dark Knight Rises,Christopher Nolan,164 min,2012,8.4
23,Avengers: Infinity War,Anthony Russo,149 min,2018,8.4
24,Kaithi,Lokesh Kanagaraj,145 min,2019,8.4
25,Asuran,Vetrimaaran,141 min,2019,8.4
26,Top Gun: Maverick,Joseph Kosinski,130 min,2022,8.3
27,Heat,Michael Mann,170 min,1995,8.3
28,Star Wars: Episode VI - Return of the Jedi,Richard Marquand,131 min,1983,8.3
29,Princess Mononoke,Hayao Miyazaki,134 min,1997,8.3
30,North by Northwest,Alfred Hitchcock,136 min,1959,8.3
31,Dangal,Nitesh Tiwari,161 min,2016,8.3
32,Kantara,Rishab Shetty,148 min,2022,8.3
33,K.G.F: Chapter 2,Prashanth Neel,168 min,2022,8.3
34,Vikram,Lokesh Kanagaraj,175 min,2022,8.3
35,Shershaah,Vishnuvardhan,135 min,2021,8.3
36,Raatchasan,Ram Kumar,170 min,2018,8.3
37,Indiana Jones and the Last Crusade,Steven Spielberg,127 min,1989,8.2
38,Spider-Man: No Way Home,Jon Watts,148 min,2021,8.2
39,Jurassic Park,Steven Spielberg,127 min,1993,8.2
40,Batman Begins,Christopher Nolan,140 min,2005,8.2
41,1917,Sam Mendes,119 min,2019,8.2
42,Die Hard,John McTiernan,132 min,1988,8.2
43,Kill Bill: Vol. 1,Quentin Tarantino,111 min,2003,8.2
44,V for Vendetta,James McTeigue,132 min,2005,8.2
45,Ran,Akira Kurosawa,162 min,1985,8.2
46,Demon Slayer the Movie: Mugen Train,Haruo Sotozaki,117 min,2020,8.2
47,Gangs of Wasseypur,Anurag Kashyap,321 min,2012,8.2
48,Baahubali 2: The Conclusion,S.S. Rajamouli,167 min,2017,8.2
49,Yojimbo,Akira Kurosawa,110 min,1961,8.2
50,Uri: The Surgical Strike,Aditya Dhar,138 min,2019,8.2
50,Uri: The Surgical Strike,Prashanth Neel,138 min,2019,8.2
51,K.G.F: Chapter 1,Buster Keaton,156 min,2018,8.2
52,Sherlock Jr.,Gayatri,45 min,1924,8.2
53,Vikram Vedha,Alper Caglar,147 min,2017,8.2
54,The Mountain II,Sukumar,135 min,2016,8.2
55,Rangasthalam 1985,Tigmanshu Dhulia,170 min,2018,8.2
56,Paan Singh Tomar,Christopher McQuarrie,135 min,2012,8.2
57,Mission: Impossible - Dead Reckoning Part One,Alejandro Monteverde,163 min,2023,8.1
58,Sound of Freedom,James Gunn,131 min,2023,8.1
59,Guardians of the Galaxy Vol. 3,Gore Verbinski,150 min,2023,8.1
60,Pirates of the Caribbean: The Curse of the Black Pearl,Ridley Scott,143 min,2003,8.1
61,Blade Runner,James Mangold,117 min,1982,8.1
62,Logan,George Miller,137 min,2017,8.1
63,Mad Max: Fury Road,James Cameron,120 min,2015,8.1
64,The Terminator,James Mangold,107 min,1984,8.1
65,Ford v Ferrari,Ron Howard,152 min,2019,8.1
66,Rush,Gavin O'Connor,123 min,I) (2013,8.1
67,Warrior,Dean DeBlois,140 min,2011,8.1
68,How to Train Your Dragon,Guy Ritchie,98 min,2010,8.1
69,"Lock, Stock and Two Smoking Barrels",Brad Bird,107 min,1998,8.1
70,The Iron Giant,Hideaki Anno,86 min,1999,8.1
71,Neon Genesis Evangelion: The End of Evangelion,Kabir Khan,87 min,1997,8.1
72,Bajrangi Bhaijaan,Clyde Bruckman,163 min,2015,8.1
73,The General,Akira Kurosawa,78 min,1926,8.1
74,The Hidden Fortress,Raoul Walsh,126 min,1958,8.1
75,White Heat,Neeraj Pandey,114 min,1949,8.1
76,A Wednesday,Ramesh Sippy,104 min,2008,8.1
77,Sholay,Sashi Kiran Tikka,162 min,1975,8.1
78,Major,A.R. Murugadoss,150 min,2022,8.1
79,Kaththi,John Mathew Matthan,166 min,2014,8.1
80,Sarfarosh,Priyadarshan,174 min,1999,8.1
81,Hera Pheri,A.R. Murugadoss,156 min,2000,8.1
82,Thuppakki,Denis Villeneuve,165 min,2012,8.1
83,Dune,James Gunn,155 min,2021,8.0
84,Guardians of the Galaxy,Denis Villeneuve,121 min,2014,8.0
85,Blade Runner 2049,Tim Miller,164 min,2017,8.0
86,Deadpool,Alejandro G. Iñárritu,108 min,2016,8.0
87,The Revenant,Joss Whedon,156 min,I) (2015,8.0
88,The Avengers,Brad Bird,143 min,2012,8.0
89,The Incredibles,Martin Campbell,115 min,2004,8.0
90,Casino Royale,Katsuhiro Ôtomo,144 min,2006,8.0
91,Akira,Quentin Tarantino,124 min,1988,8.0
92,Kill Bill: Vol. 2,Wilson Yip,137 min,2004,8.0
93,Ip Man,Paul Greengrass,106 min,2008,8.0
94,The Bourne Ultimatum,S.S. Rajamouli,115 min,2007,8.0
95,Baahubali: The Beginning,Tomm Moore,159 min,2015,8.0
96,Wolfwalkers,Andrew Lau,103 min,2020,8.0
97,Infernal Affairs,José Padilha,101 min,2002,8.0
98,Elite Squad,Vishal Bhardwaj,115 min,2007,8.0
99,Haider,Akira Kurosawa,160 min,2014,8.0
100,Sanjuro,José Padilha,96 min,1962,8.0
101,Elite Squad 2: The Enemy Within,Je-kyu Kang,115 min,2010,8.0
102,Tae Guk Gi: The Brotherhood of War,Rajkumar Santoshi,140 min,2004,8.0
103,Andaz Apna Apna,Chandoo Mondeti,160 min,1994,8.0
104,Karthikeya 2,Sandeep Reddy Vanga,150 min,2022,8.0
105,Arjun Reddy,Levent Semerci,182 min,2017,8.0
106,The Breath,Sukumar,128 min,2009,8.0
107,1: Nenokkadine,James Cameron,170 min,2014,8.0
108,Avatar,J.J. Abrams,162 min,2009,7.9
109,Star Trek,Zack Snyder,127 min,2009,7.9
110,Zack Snyder's Justice League,Doug Liman,242 min,2021,7.9
111,Edge of Tomorrow,Jon Favreau,113 min,2014,7.9
112,Iron Man,Bryan Singer,126 min,2008,7.9
113,X-Men: Days of Future Past,Taika Waititi,132 min,2014,7.9
114,Thor: Ragnarok,Doug Liman,130 min,2017,7.9
115,The Bourne Identity,Alfonso Cuarón,119 min,2002,7.9
116,Children of Men,Neill Blomkamp,109 min,2006,7.9
117,District 9,John Landis,112 min,2009,7.9
118,The Blues Brothers,Ang Lee,133 min,1980,7.9
119,"Crouching Tiger, Hidden Dragon",Mamoru Oshii,120 min,2000,7.9
120,Ghost in the Shell,Sergio Leone,83 min,1995,7.9
121,A Fistful of Dollars,Sam Peckinpah,99 min,1964,7.9
122,The Wild Bunch,Gareth Evans,135 min,1969,7.9
123,The Raid 2,Yimou Zhang,150 min,2014,7.9
124,Hero,Hun Jang,120 min,2002,7.9
125,A Taxi Driver,Michael Curtiz,137 min,2017,7.9
126,The Adventures of Robin Hood,Raja Menon,102 min,1938,7.9
127,Airlift,Neeraj Pandey,130 min,2016,7.9
128,Baby,Kamal Haasan,159 min,I) (2015,7.9
129,Vishwaroopam,Chad Stahelski,148 min,2013,7.9
130,John Wick: Chapter 4,Daniel Kwan,169 min,2023,7.8
131,Everything Everywhere All at Once,Matt Reeves,139 min,2022,7.8
132,The Batman,Christopher Nolan,176 min,2022,7.8
133,Dunkirk,Guy Ritchie,106 min,2017,7.8
134,The Gentlemen,Nicolas Winding Refn,113 min,2019,7.8
135,Drive,Edward Berger,100 min,I) (2011,7.8
136,All Quiet on the Western Front,Edgar Wright,148 min,2022,7.8
137,Hot Fuzz,Mel Gibson,121 min,2007,7.8
138,Apocalypto,S.S. Rajamouli,139 min,2006,7.8
139,RRR,John McTiernan,187 min,2022,7.8
140,Predator,Andrew Davis,107 min,1987,7.8
141,The Fugitive,Gareth Edwards,130 min,1993,7.8
142,Rogue One: A Star Wars Story,Ivan Reitman,133 min,2016,7.8
143,Ghostbusters,J.J. Abrams,105 min,1984,7.8
144,Star Wars: Episode VII - The Force Awakens,Sam Mendes,138 min,2015,7.8
145,Skyfall,Anthony Russo,143 min,2012,7.8
146,Captain America: Civil War,Pierre Morel,147 min,2016,7.8
147,Taken,Edward Zwick,90 min,I) (2008,7.8
148,The Last Samurai,Anthony Russo,154 min,2003,7.8
149,Captain America: The Winter Soldier,Paul Greengrass,136 min,2014,7.8
150,Captain Phillips,Don Hall,134 min,2013,7.8
151,Big Hero 6,Jee-woon Kim,102 min,2014,7.8
152,I Saw the Devil,Joss Whedon,144 min,2010,7.8
153,Serenity,Ron Howard,119 min,2005,7.8
154,Thirteen Lives,David O. Russell,147 min,2022,7.8
155,The Fighter,Seong-Hu Park,116 min,I) (2010,7.8
156,Jujutsu Kaisen 0,Dean DeBlois,112 min,2021,7.8
157,How to Train Your Dragon 2,Clint Eastwood,102 min,2014,7.8
158,Letters from Iwo Jima,Werner Herzog,141 min,2006,7.8
159,"Aguirre, the Wrath of God",Na Hong-jin,95 min,1972,7.8
160,The Chaser,Yoshiaki Kawajiri,125 min,2008,7.8
161,Ninja Scroll,Kevin Altieri,94 min,1993,7.8
162,Batman: Mask of the Phantasm,Shin'ichirô Watanabe,76 min,1993,7.8
163,Cowboy Bebop: The Movie,John Woo,115 min,2001,7.8
164,The Killer,Thomas Jahn,111 min,1989,7.8
165,Knockin' on Heaven's Door,Basil Joseph,87 min,1997,7.8
166,Minnal Murali,Christopher McQuarrie,158 min,2021,7.8
167,Mission: Impossible - Fallout,J.J. Abrams,147 min,2018,7.7
168,Star Trek Into Darkness,Kevin Reynolds,132 min,2013,7.7
169,The Count of Monte Cristo,Matthew Vaughn,131 min,2002,7.7
170,Kingsman: The Secret Service,Ridley Scott,129 min,2014,7.7
171,Black Hawk Down,Michael Mann,144 min,2001,7.7
172,The Last of the Mohicans,Matthew Vaughn,112 min,1992,7.7
173,X-Men: First Class,James Mangold,131 min,2011,7.7
174,3:10 to Yuma,Phil Lord,122 min,2007,7.7
175,The Lego Movie,Tony Scott,100 min,2014,7.7
176,Man on Fire,Ted Kotcheff,146 min,2004,7.7
177,First Blood,Antoine Fuqua,93 min,1982,7.7
178,Training Day,Troy Duffy,122 min,2001,7.7
179,The Boondock Saints,Paul Greengrass,108 min,1999,7.7
180,The Bourne Supremacy,Don Siegel,108 min,2004,7.7
181,Dirty Harry,William Friedkin,102 min,1971,7.7
182,The French Connection,John Sturges,104 min,1971,7.7
183,The Magnificent Seven,Nicholas Meyer,128 min,1960,7.7
184,Star Trek II: The Wrath of Khan,Stephen Chow,113 min,1982,7.7
185,Kung Fu Hustle,Arthur Penn,99 min,2004,7.7
186,Bonnie and Clyde,Guy Hamilton,111 min,1967,7.7
187,Goldfinger,Terrence Malick,110 min,1964,7.7
188,Badlands,Robert Aldrich,94 min,1973,7.7
189,The Dirty Dozen,Ken Annakin,150 min,1967,7.7
190,The Longest Day,Tom Tykwer,178 min,1962,7.7
191,Run Lola Run,Travis Knight,80 min,1998,7.7
192,Kubo and the Two Strings,Jeong-beom Lee,101 min,2016,7.7
193,The Man from Nowhere,John Woo,119 min,2010,7.7
194,Hard Boiled,Tatsuya Nagamine,128 min,1992,7.7
195,Dragon Ball Super: Broly,Howard Hawks,100 min,2018,7.7
196,Scarface,John Huston,93 min,1932,7.7
197,Key Largo,Park Chan-wook,100 min,1948,7.7
198,Joint Security Area,S.S. Rajamouli,110 min,2000,7.7
199,Eega,Abhishek Chaubey,145 min,2012,7.7
200,Udta Punjab,Meghna Gulzar,148 min,2016,7.7
201,Raazi,James Cameron,138 min,2018,7.7
202,Avatar: The Way of Water,James Gunn,192 min,2022,7.6
203,Guardians of the Galaxy Vol. 2,David Leitch,136 min,2017,7.6
204,Deadpool 2,Zack Snyder,119 min,2018,7.6
205,Watchmen,Matthew Vaughn,162 min,2009,7.6
206,Kick-Ass,Zack Snyder,117 min,2010,7.6
207,300,Denis Villeneuve,117 min,2006,7.6
208,Sicario,Edgar Wright,121 min,2015,7.6
209,Baby Driver,Luc Besson,113 min,2017,7.6
210,The Fifth Element,David Ayer,126 min,1997,7.6
211,Fury,Steven Spielberg,134 min,2014,7.6
212,Minority Report,Sang-ho Yeon,145 min,2002,7.6
213,Train to Busan,George Lucas,118 min,2016,7.6
214,Star Wars: Episode III - Revenge of the Sith,Mark Osborne,140 min,2005,7.6
215,Kung Fu Panda,David Yates,92 min,2008,7.6
216,Harry Potter and the Half-Blood Prince,Paul Verhoeven,153 min,2009,7.6
217,RoboCop,John McTiernan,102 min,1987,7.6
218,Die Hard with a Vengeance,Brad Bird,128 min,1995,7.6
219,Incredibles 2,Ryan Coogler,118 min,2018,7.6
220,Creed,Ruben Fleischer,133 min,II) (2015,7.6
221,Zombieland,Richard Donner,88 min,2009,7.6
222,Lethal Weapon,Robert Clouse,109 min,1987,7.6
223,Enter the Dragon,Guy Ritchie,102 min,1973,7.6
224,Sherlock Holmes,Joel Schumacher,128 min,2009,7.6
225,Falling Down,George Miller,113 min,1993,7.6
226,The Road Warrior,Joseph Kosinski,96 min,1981,7.6
227,Only the Brave,David Ayer,134 min,2017,7.6
228,End of Watch,Rupert Wyatt,109 min,2012,7.6
229,Rise of the Planet of the Apes,Gareth Evans,105 min,2011,7.6
230,The Raid: Redemption,Matt Reeves,101 min,2011,7.6
231,Dawn of the Planet of the Apes,Kinji Fukasaku,130 min,2014,7.6
232,Battle Royale,Anthony Maras,114 min,2000,7.6
233,Hotel Mumbai,Paul Greengrass,123 min,2018,7.6
234,United 93,Jonathan Frakes,111 min,2006,7.6
235,Star Trek: First Contact,Don Siegel,111 min,1996,7.6
236,Escape from Alcatraz,Brian G. Hutton,112 min,1979,7.6
237,Where Eagles Dare,Jack Fletcher,158 min,1968,7.6
238,Vampire Hunter D: Bloodlust,Joseph Sargent,103 min,2000,7.6
239,The Taking of Pelham One Two Three,Mani Ratnam,104 min,1974,7.6
240,Ponniyin Selvan: Part I,Sukumar,167 min,2022,7.6
241,Pushpa: The Rise - Part 1,Anurag Basu,179 min,2021,7.6
242,Ludo,Ronny Yu,149 min,2020,7.6
243,Fearless,Hayao Miyazaki,104 min,2006,7.6
244,Lupin III: The Castle of Cagliostro,Masayuki,102 min,1979,7.6
245,Evangelion: 1.0 You Are (Not) Alone,Daniel Monzón,98 min,2007,7.6
246,Cell 211,Mamoru Hosoda,113 min,2009,7.6
247,The Boy and the Beast,Ali Atay,119 min,2015,7.6
248,Mortal World,Shoojit Sircar,107 min,2018,7.6
249,Madras Cafe,Guy Ritchie,130 min,2013,7.6
250,The Covenant,Steven Spielberg,123 min,2023,7.5
251,Indiana Jones and the Temple of Doom,Leigh Whannell,118 min,1984,7.5
252,Upgrade,Tim Burton,100 min,2018,7.5
253,Batman,Francis Lawrence,126 min,1989,7.5
254,The Hunger Games: Catching Fire,Jean-Jacques Annaud,146 min,2013,7.5
255,Enemy at the Gates,Edgar Wright,131 min,2001,7.5
256,Scott Pilgrim vs. the World,Paul Verhoeven,112 min,2010,7.5
257,Total Recall,John McTiernan,113 min,1990,7.5
258,The Hunt for Red October,Michael Mann,135 min,1990,7.5
259,Collateral,David Yates,120 min,2004,7.5
260,Harry Potter and the Order of the Phoenix,Walter Hill,138 min,2007,7.5
261,The Warriors,Peter Berg,93 min,1979,7.5
262,Lone Survivor,Alex Proyas,121 min,2013,7.5
263,The Crow,Peter Weir,102 min,1994,7.5
264,Master and Commander: The Far Side of the World,Scott Derrickson,138 min,2003,7.5
265,Doctor Strange,Duncan Jones,115 min,2016,7.5
266,Source Code,Anders Thomas Jensen,93 min,2011,7.5
267,Riders of Justice,Stanley Kramer,116 min,2020,7.5
268,It's a Mad Mad Mad Mad World,Steven Spielberg,210 min,1963,7.5
269,Munich,Robert Rodriguez,164 min,2005,7.5
270,Grindhouse,Morten Tyldum,191 min,2007,7.5
271,Headhunters,J. Lee Thompson,100 min,2011,7.5
272,The Guns of Navarone,Martin Brest,158 min,1961,7.5
273,Midnight Run,Jackie Chan,126 min,1988,7.5
274,Police Story,Richard Fleischer,100 min,1985,7.5
275,Tora! Tora! Tora!,Atlee,144 min,1970,7.5
276,Mersal,Wilson Yip,172 min,2017,7.5
277,Ip Man 2,Takashi Miike,108 min,2010,7.5
278,13 Assassins,Yimou Zhang,141 min,2010,7.5
279,House of Flying Daggers,Park Hoon-jung,119 min,2004,7.5
280,New World,Jee-woon Kim,135 min,2013,7.5
281,A Bittersweet Life,Chia-Liang Liu,119 min,2005,7.5
282,The Legend of Drunken Master,Om Raut,102 min,1994,7.5
283,Tanhaji: The Unsung Warrior,Takeshi Kitano,135 min,2020,7.5
284,The Blind Swordsman: Zatoichi,Ashutosh Gowariker,116 min,2003,7.5
285,Jodhaa Akbar,Abhinay Deo,213 min,2008,7.5
286,Delhi Belly,Jean-François Richet,103 min,2011,7.5
287,Mesrine: Killer Instinct,Bilal Lashari,113 min,2008,7.5
288,To Strike,Christopher McQuarrie,130 min,2013,7.5
289,Mission: Impossible - Rogue Nation,Brad Bird,131 min,2015,7.4
290,Mission: Impossible - Ghost Protocol,Ilya Naishuller,132 min,2011,7.4
291,Nobody,Chad Stahelski,92 min,I) (2021,7.4
292,John Wick,Steven Spielberg,101 min,2014,7.4
293,Ready Player One,Sam Raimi,140 min,2018,7.4
294,Spider-Man,Ridley Scott,121 min,2002,7.4
295,The Last Duel,Chad Stahelski,152 min,2021,7.4
296,John Wick: Chapter 3 - Parabellum,Jon Watts,130 min,2019,7.4
297,Spider-Man: Homecoming,Chad Stahelski,133 min,2017,7.4
298,John Wick: Chapter 2,Richard Donner,122 min,2017,7.4
299,Superman,Destin Daniel Cretton,143 min,1978,7.4
300,Shang-Chi and the Legend of the Ten Rings,Patty Jenkins,132 min,2021,7.4
301,Wonder Woman,Sam Raimi,141 min,2017,7.4
302,Spider-Man 2,Jon Watts,127 min,2004,7.4
303,Spider-Man: Far from Home,Michael Spierig,129 min,2019,7.4
304,Predestination,Michael Bay,97 min,I) (2014,7.4
305,The Rock,Bryan Singer,136 min,1996,7.4
306,X2: X-Men United,Rian Johnson,134 min,2003,7.4
307,Looper,Kevin Costner,119 min,2012,7.4
308,Open Range,F. Gary Gray,139 min,2003,7.4
309,Law Abiding Citizen,Matt Reeves,109 min,2009,7.4
310,War for the Planet of the Apes,David Cronenberg,140 min,2017,7.4
311,A History of Violence,Dean DeBlois,96 min,2005,7.4
312,How to Train Your Dragon: The Hidden World,Peter Yates,104 min,2019,7.4
313,Bullitt,Guy Ritchie,114 min,1968,7.4
314,Sherlock Holmes: A Game of Shadows,Michael Mann,129 min,2011,7.4
315,Thief,Scott Sanders,123 min,1981,7.4
316,Black Dynamite,Keishi Otomo,84 min,2009,7.4
317,Rurouni Kenshin Part I: Origins,Woo-Ping Yuen,134 min,2012,7.4
318,Drunken Master,Mamoru Hosoda,111 min,1978,7.4
319,Summer Wars,Jean-François Richet,114 min,2009,7.4
320,Mesrine: Public Enemy No. 1,John Francis Daley,133 min,2008,7.4
321,Dungeons & Dragons: Honor Among Thieves,David Leitch,134 min,2023,7.3
322,Bullet Train,Christopher Nolan,127 min,2022,7.3
323,Tenet,Shane Black,150 min,2020,7.3
324,The Nice Guys,Cary Joji Fukunaga,116 min,2016,7.3
325,No Time to Die,Robert Rodriguez,163 min,2021,7.3
326,Alita: Battle Angel,Clint Eastwood,122 min,2019,7.3
327,American Sniper,John G. Avildsen,133 min,2014,7.3
328,The Karate Kid,Bryan Singer,126 min,1984,7.3
329,X-Men,Zack Snyder,104 min,2000,7.3
330,Dawn of the Dead,Paul Verhoeven,101 min,2004,7.3
331,Starship Troopers,Barry Sonnenfeld,129 min,1997,7.3
332,Men in Black,Gore Verbinski,98 min,1997,7.3
333,Pirates of the Caribbean: Dead Man's Chest,Ryan Coogler,151 min,2006,7.3
334,Black Panther,James Cameron,134 min,2018,7.3
335,True Lies,Michael Bay,141 min,1994,7.3
336,13 Hours,Jan de Bont,144 min,2016,7.3
337,Speed,Joss Whedon,116 min,1994,7.3
338,Avengers: Age of Ultron,Peyton Reed,141 min,2015,7.3
339,Ant-Man,Vince Gilligan,117 min,2015,7.3
340,El Camino: A Breaking Bad Movie,John Woo,122 min,2019,7.3
341,Face/Off,Justin Lin,138 min,1997,7.3
342,Fast Five,Martin Brest,130 min,2011,7.3
343,Beverly Hills Cop,Don Hall,105 min,1984,7.3
344,Raya and the Last Dragon,Chris McKay,107 min,2021,7.3
345,The Lego Batman Movie,Tom McGrath,104 min,2017,7.3
346,Megamind,Gavin O'Connor,95 min,2010,7.3
347,The Accountant,Kurt Wimmer,128 min,2016,7.3
348,Equilibrium,Sam Peckinpah,107 min,2002,7.3
349,The Getaway,Matthew Vaughn,123 min,1972,7.3
350,Layer Cake,Tony Scott,105 min,2004,7.3
351,Enemy of the State,Terence Young,132 min,1998,7.3
352,From Russia with Love,Steven Spielberg,115 min,1963,7.3
353,The Adventures of Tintin,Antoine Fuqua,107 min,2011,7.3
354,Southpaw,Bong Joon Ho,124 min,2015,7.3
355,Okja,Gavin Hood,120 min,2017,7.3
356,Eye in the Sky,Tony Scott,102 min,2015,7.3
357,Crimson Tide,Peter Berg,116 min,1995,7.3
358,Patriots Day,F. Gary Gray,133 min,2016,7.3
359,The Negotiator,Wayne Kramer,140 min,1998,7.3
360,Running Scared,George Armitage,122 min,2006,7.3
361,Grosse Pointe Blank,Paul Haggis,107 min,1997,7.3
362,The Next Three Days,Leonard Nimoy,133 min,2010,7.3
363,Star Trek IV: The Voyage Home,William Friedkin,119 min,1986,7.3
364,To Live and Die in L.A.,Clint Eastwood,116 min,1985,7.3
365,Invictus,Luc Besson,134 min,2009,7.3
366,Nikita,Stephen Chow,117 min,1990,7.3
367,Shaolin Soccer,Don Chaffey,87 min,2001,7.3
368,Jason and the Argonauts,John Carpenter,104 min,1963,7.3
369,Assault on Precinct 13,John Woo,91 min,1976,7.3
370,Red Cliff,Mike Hodges,148 min,2008,7.3
371,Get Carter,Juliano Dornelles,112 min,1971,7.3
372,Bacurau,A.R. Murugadoss,131 min,2019,7.3
373,Ghajini,Uli Edel,186 min,2008,7.3
374,The Baader Meinhof Complex,Lokesh Kanagaraj,150 min,2008,7.3
375,Master,Joachim Rønning,178 min,I) (2021,7.3
376,Max Manus: Man of War,Gary Ross,118 min,2008,7.3
377,The Hunger Games,James Gunn,142 min,2012,7.2
378,The Suicide Squad,Guy Ritchie,132 min,2021,7.2
379,The Man from U.N.C.L.E.,Robert Rodriguez,116 min,2015,7.2
380,From Dusk Till Dawn,Ridley Scott,108 min,1996,7.2
381,Kingdom of Heaven,Antoine Fuqua,144 min,2005,7.2
382,The Equalizer,Roland Emmerich,132 min,2014,7.2
383,The Patriot,Kathryn Bigelow,165 min,2000,7.2
384,Point Break,Potsy Ponciroli,122 min,1991,7.2
385,Old Henry,Phil Lord,99 min,2021,7.2
386,21 Jump Street,Angelina Jolie,109 min,2012,7.2
387,Unbroken,Martin Campbell,137 min,I) (2014,7.2
388,GoldenEye,John Carpenter,130 min,1995,7.2
389,Big Trouble in Little China,Peter Jackson,99 min,1986,7.2
390,King Kong,Wes Anderson,187 min,2005,7.2
391,The Life Aquatic with Steve Zissou,Oliver Stone,119 min,2004,7.2
392,Natural Born Killers,John Carpenter,119 min,1994,7.2
393,They Live,Francis Lawrence,94 min,1988,7.2
394,I Am Legend,Lana Wachowski,101 min,2007,7.2
395,The Matrix Reloaded,Zack Snyder,138 min,2003,7.2
396,Batman v Superman: Dawn of Justice (Ultimate Edition),Terence Young,182 min,2016,7.2
397,Dr. No,Trey Parker,110 min,1962,7.2
398,Team America: World Police,Gore Verbinski,98 min,2004,7.2
399,Rango,Ron Howard,107 min,2011,7.2
400,Willow,Guy Ritchie,126 min,1988,7.2
401,RocknRolla,John Frankenheimer,114 min,2008,7.2
402,Ronin,Peter Berg,122 min,1998,7.2
403,Friday Night Lights,Richard Donner,118 min,2004,7.2
404,Lethal Weapon 2,Sean Ellis,114 min,1989,7.2
405,Anthropoid,Kwang Il Han,120 min,2016,7.2
406,The Witcher: Nightmare of the Wolf,Lawrence Kasdan,83 min,2021,7.2
407,Silverado,Kirk DeMicco,133 min,1985,7.2
408,The Croods,Wolfgang Petersen,98 min,2013,7.2
409,In the Line of Fire,Jennifer Yuh Nelson,128 min,1993,7.2
410,Kung Fu Panda 2,Peter Ramsey,90 min,2011,7.2
411,Rise of the Guardians,Nelson Shin,97 min,2012,7.2
412,The Transformers: The Movie,Steven Spielberg,84 min,1986,7.2
413,War Horse,Nicholas Meyer,146 min,2011,7.2
414,Star Trek VI: The Undiscovered Country,Richard C. Sarafian,110 min,1991,7.2
415,Vanishing Point,Peter Collinson,99 min,1971,7.2
416,The Italian Job,Sergio Corbucci,99 min,1969,7.2
417,Django,Mark Pellington,91 min,1966,7.2
418,Arlington Road,Bruce Lee,117 min,1999,7.2
419,The Way of the Dragon,Ted Post,90 min,1972,7.2
420,Magnum Force,Robert Harmon,124 min,1973,7.2
421,The Hitcher,Wei Lo,97 min,1986,7.2
422,Fist of Fury,Andrey Konchalovskiy,107 min,1972,7.2
423,Runaway Train,Richie Smyth,111 min,1985,7.2
424,The Siege of Jadotville,Sergei Bodrov,108 min,2016,7.2
425,Mongol: The Rise of Genghis Khan,Sanjay Leela Bhansali,126 min,2007,7.2
426,Bajirao Mastani,Yann Demange,158 min,2015,7.2
427,'71,Daniel Barber,99 min,2014,7.2
428,Harry Brown,Jee-woon Kim,103 min,2009,7.2
429,The Good the Bad the Weird,Tetsuya Nomura,130 min,2008,7.2
430,Final Fantasy VII: Advent Children,Alberto Rodríguez,101 min,2005,7.2
431,Marshland,A.R. Murugadoss,105 min,2014,7.2
432,Holiday: A Soldier is Never Off Duty,Brian De Palma,160 min,2014,7.2
433,Mission: Impossible,Sam Hargrave,110 min,1996,7.1
434,Extraction II,Stephen Sommers,122 min,2023,7.1
435,The Mummy,Zack Snyder,124 min,1999,7.1
436,Man of Steel,Dan Trachtenberg,143 min,2013,7.1
437,Prey,Ben Stiller,100 min,I) (2022,7.1
438,Tropic Thunder,Shawn Levy,107 min,2008,7.1
439,Free Guy,Guy Ritchie,115 min,2021,7.1
440,Wrath of Man,John Badham,119 min,2021,7.1
441,WarGames,John Carpenter,114 min,1983,7.1
442,Escape from New York,Stephen Norrington,99 min,1981,7.1
443,Blade,Gore Verbinski,120 min,1998,7.1
444,Pirates of the Caribbean: At World's End,Doug Liman,169 min,2007,7.1
445,American Made,Tim Burton,115 min,2017,7.1
446,Batman Returns,Antoine Fuqua,126 min,1992,7.1
447,Shooter,James Wan,124 min,I) (2007,7.1
448,Furious 7,Bong Joon Ho,137 min,2015,7.1
449,Snowpiercer,Shane Black,126 min,2013,7.1
450,Iron Man 3,Len Wiseman,130 min,2013,7.1
451,Live Free or Die Hard,Jared Stern,128 min,2007,7.1
452,DC League of Super-Pets,Tony Scott,105 min,2022,7.1
453,Deja Vu,Steven Caple Jr.,126 min,2006,7.1
454,Creed II,Pete Travis,130 min,2018,7.1
455,Dredd,Alex Proyas,95 min,2012,7.1
456,"I, Robot",Peter Berg,115 min,2004,7.1
457,Deepwater Horizon,Baltasar Kormákur,107 min,2016,7.1
458,Everest,Shawn Levy,121 min,2015,7.1
459,Real Steel,Robert Rodriguez,127 min,2011,7.1
460,Desperado,Randall Wallace,104 min,1995,7.1
461,We Were Soldiers,Sylvester Stallone,138 min,2002,7.1
462,Rocky Balboa,Robert Zemeckis,102 min,2006,7.1
463,Allied,Renny Harlin,124 min,2016,7.1
464,Die Hard 2,Roger Donaldson,124 min,1990,7.1
465,No Way Out,Alessandro Carloni,114 min,1987,7.1
466,Kung Fu Panda 3,Brian Helgeland,95 min,2016,7.1
467,Payback,Ronald Neame,100 min,I) (1999,7.1
468,The Poseidon Adventure,Clint Eastwood,117 min,1972,7.1
469,Flags of Our Fathers,S. Craig Zahler,135 min,2006,7.1
470,Brawl in Cell Block 99,David O. Russell,132 min,2017,7.1
471,Three Kings,Edward Zwick,114 min,1999,7.1
472,Defiance,Brian De Palma,137 min,I) (2008,7.1
473,Casualties of War,Prachya Pinkaew,113 min,1989,7.1
474,Ong-Bak: The Thai Warrior,Shantanu Bagchi,105 min,2003,7.1
475,Mission Majnu,Matthew Michael Carnahan,129 min,2023,7.1
476,Mosul,Joachim Rønning,101 min,I) (2019,7.1
477,Kon-Tiki,Gabriela Cowperthwaite,118 min,2012,7.1
478,Megan Leavey,Daniel Alfredson,116 min,2017,7.1
479,The Girl Who Played with Fire,Anirudh Iyer,129 min,2009,7.1
480,An Action Hero,Pierre Morel,130 min,2022,7.1
481,District B13,S. Shankar,84 min,2004,7.1
482,Enthiran,Bobcat Goldthwait,174 min,2010,7.1
483,God Bless America,Hans Petter Moland,105 min,2011,7.1
484,In Order of Disappearance,Masahiro Hosoda,116 min,2014,7.1
485,Dragon Ball Z: Battle of Gods,Farhan Akhtar,85 min,2013,7.1
486,Don,Mabrouk El Mechri,171 min,I) (2006,7.1
487,JCVD,Sanjay Gupta,97 min,2008,7.1
488,Kaabil,Radha Krishna Jagarlamudi,139 min,2017,7.1
489,Gabbar Is Back,Rakesh Roshan,128 min,2015,7.1
490,Koi... Mil Gaya,Jean-Pierre Jeunet,171 min,2003,7.1
491,Micmacs,Wagner Moura,105 min,2009,7.1
492,Marighella,Kunal Kohli,155 min,2019,7.1
493,Fanaa,Andy Muschietti,168 min,2006,7.1
494,The Flash,Michael Bay,144 min,2023,7.0
495,Transformers,Roland Emmerich,144 min,2007,7.0
496,Independence Day,Tom Gormican,145 min,1996,7.0
497,The Unbearable Weight of Massive Talent,Robert Eggers,107 min,2022,7.0
498,The Northman,Christopher McQuarrie,137 min,2022,7.0
499,Jack Reacher,Brett Ratner,130 min,2012,7.0
500,Rush Hour,Marc Forster,98 min,1998,7.0
501,World War Z,Justin Lin,116 min,2013,7.0
502,Star Trek Beyond,Aaron Schneider,122 min,2016,7.0
503,Greyhound,David F. Sandberg,91 min,2020,7.0
504,Shazam!,Quentin Tarantino,132 min,2019,7.0
505,Death Proof,Joseph Kosinski,127 min,2007,7.0
506,Oblivion,Kenneth Branagh,124 min,I) (2013,7.0
507,Thor,F. Gary Gray,115 min,2011,7.0
508,The Italian Job,J.J. Abrams,111 min,2003,7.0
509,Super 8,Francis Lawrence,112 min,2011,7.0
510,Constantine,Robert Schwentke,121 min,2005,7.0
511,RED,Roland Emmerich,111 min,2010,7.0
512,Stargate,Russell Mulcahy,116 min,1994,7.0
513,Highlander,Paul Feig,116 min,1986,7.0
514,Spy,Stefano Sollima,120 min,2015,7.0
515,Sicario: Day of the Soldado,Matt Reeves,122 min,2018,7.0
516,Cloverfield,Len Wiseman,85 min,2008,7.0
517,Underworld,Justin Lin,121 min,2003,7.0
518,Fast & Furious 6,Shane Acker,130 min,2013,7.0
519,9,Lewis Gilbert,79 min,I) (2009,7.0
520,The Spy Who Loved Me,Gregory Hoblit,125 min,1977,7.0
521,Fallen,Hal Needham,124 min,1998,7.0
522,Smokey and the Bandit,Robert Rodriguez,96 min,1977,7.0
523,Planet Terror,Peyton Reed,105 min,2007,7.0
524,Ant-Man and the Wasp,Richard Donner,118 min,2018,7.0
525,Maverick,Phil Lord,127 min,1994,7.0
526,22 Jump Street,Steven Soderbergh,112 min,2014,7.0
527,Logan Lucky,Nicolas Winding Refn,118 min,2017,7.0
528,Bronson,David Twohy,92 min,2008,7.0
529,Pitch Black,Tony Scott,109 min,2000,7.0
530,The Last Boy Scout,Michael Mann,105 min,1991,7.0
531,Public Enemies,Josh Trank,140 min,2009,7.0
532,Chronicle,Christian Gudegast,84 min,2012,7.0
533,Den of Thieves,Sylvester Stallone,140 min,2018,7.0
534,Rambo,Peter Berg,92 min,2008,7.0
535,The Kingdom,Ridley Scott,110 min,2007,7.0
536,Body of Lies,Akiva Schaffer,128 min,2008,7.0
537,Chip 'n Dale: Rescue Rangers,Martin Campbell,97 min,2022,7.0
538,The Foreigner,Christophe Gans,113 min,I) (2017,7.0
539,Brotherhood of the Wolf,Guillermo del Toro,142 min,2001,7.0
540,Hellboy II: The Golden Army,John Guillermin,120 min,2008,7.0
541,The Towering Inferno,Jon S. Baird,165 min,1974,7.0
542,Filth,J.C. Chandor,97 min,I) (2013,7.0
543,A Most Violent Year,Tony Scott,125 min,2014,7.0
544,Spy Game,Takashi Miike,126 min,2001,7.0
545,Ichi the Killer,Wilson Yip,129 min,2001,7.0
546,Ip Man 4: The Finale,Louis Leterrier,107 min,2019,7.0
547,Unleashed,Byron Haskin,103 min,2005,7.0
548,The War of the Worlds,Gérard Pirès,85 min,1953,7.0
549,Taxi,Michael Cimino,89 min,I) (1998,7.0
550,Thunderbolt and Lightfoot,Ernest R. Dickerson,115 min,1974,7.0
551,Juice,Garth Jennings,95 min,1992,7.0
552,Son of Rambow,Wilson Yip,96 min,2007,7.0
553,Ip Man 3,Rob Cohen,105 min,2015,7.0
554,Dragon: The Bruce Lee Story,Prachya Pinkaew,120 min,1993,7.0
555,The Protector,Yimou Zhang,111 min,2005,7.0
556,Curse of the Golden Flower,Farhan Akhtar,114 min,2006,7.0
557,Don 2,Sandeep Reddy Vanga,148 min,2011,7.0
558,Kabir Singh,Ali Abbas Zafar,173 min,2019,7.0
559,Sultan,Farah Khan,170 min,2016,7.0
560,Main Hoon Na,Ram Madhvani,179 min,2004,7.0
561,Dhamaka,Peter Ho-Sun Chan,103 min,2021,7.0
562,The Warlords,Herman Yau,126 min,2007,7.0
563,The Legend Is Born: Ip Man,Anup Bhandari,100 min,2010,7.0
564,Vikrant Rona,J.J. Abrams,148 min,2022,7.0
565,Mission: Impossible III,Jalmari Helander,126 min,2006,6.9
566,Sisu,Tony Scott,91 min,2022,6.9
567,Top Gun,Gina Prince-Bythewood,109 min,1986,6.9
568,The Woman King,Sam Raimi,135 min,2022,6.9
569,Doctor Strange in the Multiverse of Madness,Joe Johnston,126 min,2022,6.9
570,Captain America: The First Avenger,Colin Trevorrow,124 min,2011,6.9
571,Jurassic World,Jake Kasdan,124 min,2015,6.9
572,Jumanji: Welcome to the Jungle,Juan Carlos Fresnadillo,119 min,2017,6.9
573,28 Weeks Later,John Milius,100 min,2007,6.9
574,Conan the Barbarian,Antoine Fuqua,129 min,1982,6.9
575,The Magnificent Seven,Guillermo del Toro,132 min,2016,6.9
576,Pacific Rim,John Francis Daley,131 min,2013,6.9
577,Game Night,Bryan Singer,100 min,I) (2018,6.9
578,X-Men: Apocalypse,Phillip Noyce,144 min,2016,6.9
579,Clear and Present Danger,Ron Howard,141 min,1994,6.9
580,Solo: A Star Wars Story,Chuck Russell,135 min,2018,6.9
581,The Mask,Marc Webb,101 min,1994,6.9
582,The Amazing Spider-Man,Edward Bazalgette,136 min,2012,6.9
583,The Last Kingdom: Seven Kings Must Die,Patrick Hughes,111 min,2023,6.9
584,The Hitman's Bodyguard,Jon Favreau,118 min,2017,6.9
585,Iron Man 2,Robert Zemeckis,124 min,2010,6.9
586,Romancing the Stone,Kevin Reynolds,106 min,1984,6.9
587,Robin Hood: Prince of Thieves,Simon West,143 min,1991,6.9
588,Con Air,Rian Johnson,115 min,1997,6.9
589,Star Wars: Episode VIII - The Last Jedi,Brian Helgeland,152 min,2017,6.9
590,A Knight's Tale,Edgar Wright,132 min,2001,6.9
591,The World's End,Ron Howard,109 min,2013,6.9
592,In the Heart of the Sea,Jon Turteltaub,122 min,2015,6.9
593,National Treasure,Andrew Davis,131 min,2004,6.9
594,The Guardian,Michael Crichton,139 min,I) (2006,6.9
595,Westworld,Gary Trousdale,88 min,1973,6.9
596,Atlantis: The Lost Empire,Desmond Davis,95 min,2001,6.9
597,Clash of the Titans,David Mackenzie,118 min,1981,6.9
598,Outlaw King,Michael Matthews,121 min,2018,6.9
599,Love and Monsters,S. Craig Zahler,109 min,2020,6.9
600,Dragged Across Concrete,David Gordon Green,159 min,2018,6.9
601,Pineapple Express,Mark Neveldine,111 min,2008,6.9
602,Crank,Terence Young,88 min,2006,6.9
603,Thunderball,Jaume Collet-Serra,130 min,1965,6.9
604,Non-Stop,Walter Hill,106 min,2014,6.9
605,48 Hrs.,Lee Tamahori,96 min,1982,6.9
606,The Edge,Michael Winner,117 min,1997,6.9
607,Death Wish,Rod Lurie,93 min,1974,6.9
608,The Last Castle,Alex Cox,131 min,2001,6.9
609,Repo Man,Tommy Wirkola,92 min,1984,6.9
610,The Trip,Fred Dekker,113 min,2021,6.9
611,The Monster Squad,Timo Tjahjanto,79 min,1987,6.9
612,The Night Comes for Us,J.C. Chandor,121 min,2018,6.9
613,All Is Lost,Gary Ross,106 min,2013,6.9
614,Free State of Jones,Zack Snyder,139 min,2016,6.9
615,Legend of the Guardians: The Owls of Ga'Hoole,David Schwimmer,97 min,2010,6.9
616,Trust,Michael Caton-Jones,106 min,I) (2010,6.9
617,Memphis Belle,Brian Henson,107 min,1990,6.9
618,Muppet Treasure Island,Wei Lo,99 min,1996,6.9
619,The Big Boss,John Maclean,99 min,1971,6.9
620,Slow West,Adrian Grunberg,84 min,2015,6.9
621,Get the Gringo,Benny Chan,96 min,2012,6.9
622,New Police Story,Karan Malhotra,123 min,2004,6.9
623,Agneepath,Jeffrey Nachmanoff,174 min,2012,6.9
624,Traitor,Declan Lowney,114 min,2008,6.9
625,Alan Partridge,Maneesh Sharma,90 min,2013,6.9
626,Fan,James Mangold,142 min,I) (2016,6.9
627,Indiana Jones and the Dial of Destiny,Sam Hargrave,154 min,2023,6.8
628,Extraction,Rob Cohen,116 min,2020,6.8
629,The Fast and the Furious,Anna Boden,106 min,2001,6.8
630,Captain Marvel,James Wan,123 min,2019,6.8
631,Aquaman,Matt Bettinelli-Olpin,143 min,2018,6.8
632,Ready or Not,Wes Ball,95 min,I) (2019,6.8
633,The Maze Runner,George Miller,113 min,2014,6.8
634,Mad Max,Joseph Kosinski,88 min,1979,6.8
635,TRON: Legacy,Phillip Noyce,125 min,2010,6.8
636,Patriot Games,Hideaki Anno,117 min,1992,6.8
637,Shin Godzilla,Barry Sonnenfeld,120 min,2016,6.8
638,Men in Black 3,Harry Bradbeer,106 min,2012,6.8
639,Enola Holmes 2,Sam Mendes,129 min,2022,6.8
640,Spectre,Alan Taylor,148 min,I) (2015,6.8
641,Thor: The Dark World,Albert Hughes,112 min,2013,6.8
642,The Book of Eli,Louis Leterrier,118 min,2010,6.8
643,The Transporter,Newt Arnold,92 min,2002,6.8
644,Bloodsport,Joe Dante,92 min,1988,6.8
645,Innerspace,Guillermo del Toro,120 min,1987,6.8
646,Hellboy,Tommy Wirkola,122 min,2004,6.8
647,What Happened to Monday,Michael Bay,123 min,2017,6.8
648,Bad Boys,Michael Anderson,119 min,1995,6.8
649,Logan's Run,Neill Blomkamp,119 min,1976,6.8
650,Chappie,Joe Wright,120 min,2015,6.8
651,Hanna,Michael Bay,111 min,2011,6.8
652,The Island,Tony Scott,136 min,2005,6.8
653,Unstoppable,Martin Campbell,98 min,2010,6.8
654,The Mask of Zorro,Joe Carnahan,136 min,1998,6.8
655,Boss Level,Christopher Cain,100 min,2020,6.8
656,Young Guns,Renny Harlin,107 min,1988,6.8
657,The Long Kiss Goodnight,Paul Greengrass,121 min,1996,6.8
658,News of the World,Paul Feig,118 min,2020,6.8
659,Ghostbusters,Rod Lurie,117 min,2016,6.8
660,The Outpost,Fernando González Molina,123 min,2019,6.8
661,Three Steps Above Heaven,Richard Lester,118 min,2010,6.8
662,Superman II,Neil Marshall,127 min,1980,6.8
663,Dog Soldiers,Frank Oz,105 min,2002,6.8
664,The Score,Paul Greengrass,124 min,2001,6.8
665,Green Zone,Nick Bruno,115 min,2010,6.8
666,Spies in Disguise,Lewis Gilbert,102 min,2019,6.8
667,You Only Live Twice,Jaume Collet-Serra,117 min,1967,6.8
668,Unknown,David Ayer,113 min,I) (2011,6.8
669,Street Kings,John Singleton,109 min,2008,6.8
670,Four Brothers,Kevin Reynolds,109 min,2005,6.8
671,Tristan + Isolde,Jean-Stéphane Sauvaire,125 min,2006,6.8
672,A Prayer Before Dawn,Wolfgang Petersen,116 min,2017,6.8
673,Enemy Mine,Robert Rodriguez,108 min,1985,6.8
674,El Mariachi,Benny Chan,81 min,1992,6.8
675,Who Am I?,David Ayer,108 min,1998,6.8
676,Harsh Times,James Gray,116 min,2005,6.8
677,We Own the Night,Tommy Wirkola,117 min,2007,6.8
678,Dead Snow 2: Red vs. Dead,Travis Knight,100 min,2014,6.8
679,Bumblebee,Ryan Coogler,114 min,I) (2018,6.7
680,Black Panther: Wakanda Forever,Rowdy Herrington,161 min,2022,6.7
681,Road House,Andrew Niccol,114 min,1989,6.7
682,In Time,Cate Shortland,109 min,2011,6.7
683,Black Widow,Matthew Vaughn,134 min,2021,6.7
684,Kingsman: The Golden Circle,Guy Ritchie,141 min,2017,6.7
685,King Arthur: Legend of the Sword,John Glen,126 min,2017,6.7
686,For Your Eyes Only,Shawn Levy,127 min,1981,6.7
687,The Adam Project,Steve Barron,106 min,2022,6.7
688,Teenage Mutant Ninja Turtles,Roland Emmerich,93 min,1990,6.7
689,Midway,Jake Kasdan,138 min,2019,6.7
690,Jumanji: The Next Level,Nick Castle,123 min,2019,6.7
691,The Last Starfighter,Michael Bay,101 min,1984,6.7
692,Armageddon,Mikael Håfström,151 min,1998,6.7
693,Escape Plan,Duncan Jones,115 min,2013,6.7
694,Warcraft,David Leitch,123 min,2016,6.7
695,Atomic Blonde,Tommy Wirkola,115 min,2017,6.7
696,Violent Night,James Mangold,112 min,2022,6.7
697,The Wolverine,Brett Ratner,126 min,2013,6.7
698,Rush Hour 2,Gina Prince-Bythewood,90 min,2001,6.7
699,The Old Guard,James Gunn,125 min,2020,6.7
700,Super,Timur Bekmambetov,96 min,I) (2010,6.7
701,Wanted,Joe Carnahan,110 min,2008,6.7
702,The A-Team,Antoine Fuqua,117 min,2010,6.7
703,The Equalizer 2,Mark L. Lester,121 min,2018,6.7
704,Commando,Ruben Fleischer,90 min,1985,6.7
705,Zombieland: Double Tap,Paul Michael Glaser,99 min,2019,6.7
706,The Running Man,Marco Brambilla,101 min,1987,6.7
707,Demolition Man,John Erick Dowdle,115 min,1993,6.7
708,No Escape,Steven Lisberger,103 min,I) (2015,6.7
709,Tron,Guillermo del Toro,96 min,1982,6.7
710,Blade II,Ron Howard,117 min,2002,6.7
711,Angels & Demons,Guy Hamilton,138 min,2009,6.7
712,Live and Let Die,Christian Alvart,121 min,1973,6.7
713,Pandorum,Daniel Espinosa,108 min,2009,6.7
714,Safe House,Lana Wachowski,115 min,2012,6.7
715,The Matrix Revolutions,Guy Hamilton,129 min,2003,6.7
716,The Man with the Golden Gun,John Glen,125 min,1974,6.7
717,The Living Daylights,Greg McLean,130 min,1987,6.7
718,Jungle,Scott Cooper,115 min,I) (2017,6.7
719,Out of the Furnace,Baltasar Kormákur,116 min,2013,6.7
720,2 Guns,Peter R. Hunt,109 min,2013,6.7
721,On Her Majesty's Secret Service,Adam Wingard,142 min,1969,6.7
722,The Guest,Jim Abrahams,100 min,I) (2014,6.7
723,Hot Shots!,Ruben Fleischer,84 min,1991,6.7
724,Gangster Squad,Ilya Naishuller,113 min,2013,6.7
725,Hardcore Henry,Joe Cornish,96 min,2015,6.7
726,Attack the Block,Joe Carnahan,88 min,2011,6.7
727,The Grey,Kristian Levring,117 min,2011,6.7
728,The Salvation,Lawrence Kasdan,92 min,2014,6.7
729,Wyatt Earp,Craig Gillespie,191 min,1994,6.7
730,The Finest Hours,Ron Howard,117 min,2016,6.7
731,Ransom,Richard Donner,121 min,1996,6.7
732,Conspiracy Theory,James Fargo,135 min,1997,6.7
733,The Enforcer,Ed Harris,96 min,1976,6.7
734,Appaloosa,Richard Donner,115 min,2008,6.7
735,Lethal Weapon 3,Ron Howard,118 min,1992,6.7
736,Backdraft,Antoine Fuqua,137 min,1991,6.7
737,Brooklyn's Finest,Clint Eastwood,132 min,2009,6.7
738,Absolute Power,Stanley Tong,121 min,1997,6.7
739,Rumble in the Bronx,James Wan,87 min,1995,6.7
740,Death Sentence,Len Wiseman,105 min,2007,6.7
741,Underworld: Evolution,David Lowery,106 min,2006,6.7
742,Pete's Dragon,Dennis Hopper,102 min,2016,6.7
743,Colors,Kasi Lemmons,120 min,1988,6.7
744,Harriet,Joe Johnston,125 min,I) (2019,6.7
745,Hidalgo,Marc Forster,136 min,2004,6.7
746,Machine Gun Preacher,John Irvin,129 min,2011,6.7
747,Hamburger Hill,Rian Johnson,110 min,1987,6.7
748,The Brothers Bloom,Neil Jordan,114 min,2008,6.7
749,The Brave One,Ernest R. Dickerson,122 min,2007,6.7
750,Tales from the Crypt: Demon Knight,Steve Oedekerk,92 min,1995,6.7
751,Nothing to Lose,François Simard,98 min,1997,6.7
752,Turbo Kid,John Badham,93 min,2015,6.7
753,Stakeout,Ben Ramsey,117 min,1987,6.7
754,Blood and Bone,Jonathan Lynn,93 min,2009,6.7
755,Wild Target,Farah Khan,98 min,2010,6.7
756,Om Shanti Om,Mahesh Manjrekar,162 min,2007,6.7
757,Antim: The Final Truth,Ruben Fleischer,138 min,2021,6.7
758,Venom,Francis Lawrence,112 min,2018,6.6
759,Red Sparrow,Neil Burger,140 min,2018,6.6
760,Divergent,Jordan Vogt-Roberts,139 min,2014,6.6
761,Kong: Skull Island,Neill Blomkamp,118 min,2017,6.6
762,Elysium,Rob Marshall,109 min,I) (2013,6.6
763,Pirates of the Caribbean: On Stranger Tides,Gavin Hood,136 min,2011,6.6
764,Ender's Game,John Dahl,114 min,2013,6.6
765,Joy Ride,Adam McKay,97 min,2001,6.6
766,The Other Guys,Louis Leterrier,107 min,2010,6.6
767,The Incredible Hulk,Harry Bradbeer,112 min,2008,6.6
768,Enola Holmes,Marc Webb,123 min,2020,6.6
769,The Amazing Spider-Man 2,Marc Forster,142 min,2014,6.6
770,Quantum of Solace,Jaume Collet-Serra,106 min,2008,6.6
771,Jungle Cruise,Joe Carnahan,127 min,2021,6.6
772,Smokin' Aces,Luc Besson,108 min,2006,6.6
773,Anna,Brett Ratner,118 min,II) (2019,6.6
774,X-Men: The Last Stand,Andrew Stanton,104 min,2006,6.6
775,John Carter,George Lucas,132 min,2012,6.6
776,Star Wars: Episode II - Attack of the Clones,F. Gary Gray,142 min,2002,6.6
777,The Fate of the Furious,Paul W.S. Anderson,136 min,2017,6.6
778,Resident Evil,Paul Greengrass,100 min,2002,6.6
779,Jason Bourne,Francis Lawrence,123 min,I) (2016,6.6
780,The Hunger Games: Mockingjay - Part 1,Jeymes Samuel,123 min,2014,6.6
781,The Harder They Fall,Ridley Scott,139 min,2021,6.6
782,Robin Hood,Donovan Marsh,140 min,2010,6.6
783,Hunter Killer,David Twohy,121 min,2018,6.6
784,The Chronicles of Riddick,David Slade,119 min,2004,6.6
785,30 Days of Night,Jay Roach,113 min,2007,6.6
786,Austin Powers: The Spy Who Shagged Me,Mike Newell,95 min,1999,6.6
787,Prince of Persia: The Sands of Time,Baltasar Kormákur,116 min,2010,6.6
788,Adrift,Christopher McQuarrie,96 min,I) (2018,6.6
789,The Way of the Gun,Tony Gilroy,119 min,2000,6.6
790,The Bourne Legacy,Jonathan Mostow,135 min,2012,6.6
791,U-571,Paul Feig,116 min,2000,6.6
792,The Heat,D.J. Caruso,117 min,I) (2013,6.6
793,Eagle Eye,Simon West,118 min,2008,6.6
794,The Expendables 2,Michael Bay,103 min,2012,6.6
795,Bad Boys II,John McTiernan,147 min,2003,6.6
796,The 13th Warrior,Mario Van Peebles,102 min,1999,6.6
797,New Jack City,Julius Avery,97 min,1991,6.6
798,Overlord,Ethan Maniquis,110 min,2018,6.6
799,Machete,John Glen,105 min,2010,6.6
800,Licence to Kill,Ridley Scott,133 min,1989,6.6
801,Black Rain,David Bowers,125 min,1989,6.6
802,Flushed Away,Peter Berg,85 min,2006,6.6
803,The Rundown,Peter Faiman,104 min,2003,6.6
804,Crocodile Dundee,Antoine Fuqua,97 min,1986,6.6
805,Tears of the Sun,Tom Dey,121 min,2003,6.6
806,Shanghai Noon,Chris Wedge,110 min,2000,6.6
807,Epic,Dean Parisot,102 min,2013,6.6
808,RED 2,Ivan Reitman,116 min,2013,6.6
809,Ghostbusters II,Mike Mitchell,108 min,1989,6.6
810,The Lego Movie 2: The Second Part,Andrea Di Stefano,107 min,2019,6.6
811,The Informer,Asger Leth,113 min,2019,6.6
812,Man on a Ledge,Don Taylor,102 min,2012,6.6
813,The Final Countdown,Roar Uthaug,103 min,1980,6.6
814,The Wave,Jim Abrahams,105 min,2015,6.6
815,Hot Shots! Part Deux,Richard Donner,86 min,1993,6.6
816,Lethal Weapon 4,Eric Darnell,127 min,1998,6.6
817,Penguins of Madagascar,Norman Jewison,92 min,2014,6.6
818,Rollerball,Martin Campbell,125 min,1975,6.6
819,Edge of Darkness,David Carson,117 min,2010,6.6
820,Star Trek: Generations,Brian Kirk,118 min,1994,6.6
821,21 Bridges,Albert Hughes,99 min,2019,6.6
822,Alpha,Edward Zwick,96 min,II) (2018,6.6
823,Courage Under Fire,Leonard Nimoy,116 min,1996,6.6
824,Star Trek III: The Search for Spock,Don Bluth,105 min,1984,6.6
825,Titan A.E.,Jaume Collet-Serra,94 min,2000,6.6
826,Run All Night,David Von Ancken,114 min,2015,6.6
827,Seraphim Falls,Michael Davis,115 min,2006,6.6
828,Shoot 'Em Up,Wolfgang Petersen,86 min,2007,6.6
829,Outbreak,Roger Donaldson,127 min,1995,6.6
830,The Recruit,Colm McCarthy,115 min,2003,6.6
831,The Girl with All the Gifts,Tom Harper,111 min,2016,6.6
832,The Aeronauts,Peter Hyams,100 min,2019,6.6
833,Outland,Clint Eastwood,109 min,1981,6.6
834,Sudden Impact,Chris Nahon,117 min,1983,6.6
835,Kiss of the Dragon,Riley Stearns,98 min,2001,6.6
836,The Art of Self-Defense,Pete Travis,104 min,2019,6.6
837,Vantage Point,Richard Donner,90 min,2008,6.6
838,16 Blocks,Rahul Dholakia,102 min,2006,6.6
839,Raees,Richard Berry,143 min,2017,6.6
840,22 Bullets,Gérard Krawczyk,117 min,2010,6.6
841,Wasabi,Prabhu Deva,94 min,2001,6.6
842,Wanted,Jean-François Richet,147 min,I) (2009,6.6
843,Plane,Anthony Russo,107 min,2023,6.5
844,The Gray Man,Joachim Rønning,122 min,2022,6.5
845,Pirates of the Caribbean: Dead Men Tell No Tales,Justin Lin,129 min,2017,6.5
846,Fast & Furious,George Lucas,107 min,2009,6.5
847,Star Wars: Episode I - The Phantom Menace,J.J. Abrams,136 min,1999,6.5
848,Star Wars: Episode IX - The Rise of Skywalker,Gavin Hood,141 min,2019,6.5
849,X-Men Origins: Wolverine,Steven Spielberg,107 min,2009,6.5
850,War of the Worlds,Doug Liman,116 min,2005,6.5
851,Mr. & Mrs. Smith,Jan de Bont,120 min,2005,6.5
852,Twister,Steven Spielberg,113 min,I) (1996,6.5
853,The Lost World: Jurassic Park,Jeff Fowler,129 min,1997,6.5
854,Sonic the Hedgehog 2,Craig Zobel,122 min,2022,6.5
855,The Hunt,Jeff Wadlow,90 min,II) (2020,6.5
856,Kick-Ass 2,Jeff Fowler,103 min,2013,6.5
857,Sonic the Hedgehog,Chris McKay,99 min,2020,6.5
858,The Tomorrow War,Nicolai Fuglsig,138 min,2021,6.5
859,12 Strong,Jeff Tomsic,130 min,2018,6.5
860,Tag,David Leitch,100 min,I) (2018,6.5
861,Fast & Furious Presents: Hobbs & Shaw,Wolfgang Petersen,137 min,2019,6.5
862,Air Force One,Francis Lawrence,124 min,1997,6.5
863,The Hunger Games: Mockingjay - Part 2,J.C. Chandor,137 min,2015,6.5
864,Triple Frontier,John McTiernan,125 min,2019,6.5
865,Last Action Hero,McG,130 min,1993,6.5
866,Terminator Salvation,Wolfgang Petersen,115 min,2009,6.5
867,The Perfect Storm,Antoine Fuqua,130 min,2000,6.5
868,Olympus Has Fallen,Panos Cosmatos,119 min,2013,6.5
869,Mandy,Frank Miller,121 min,I) (2018,6.5
870,Sin City: A Dame to Kill For,George P. Cosmatos,102 min,2014,6.5
871,Rambo: First Blood Part II,Sam Raimi,96 min,1985,6.5
872,The Quick and the Dead,Gary Fleder,108 min,1995,6.5
873,Homefront,Rob Letterman,100 min,I) (2013,6.5
874,Pokémon: Detective Pikachu,John Glen,104 min,2019,6.5
875,Octopussy,Roger Spottiswoode,131 min,1983,6.5
876,Tomorrow Never Dies,Dominic Sena,119 min,1997,6.5
877,Gone in 60 Seconds,Andrew Adamson,118 min,2000,6.5
878,The Chronicles of Narnia: Prince Caspian,Mike Hodges,150 min,2008,6.5
879,Flash Gordon,Stuart Baird,111 min,1980,6.5
880,U.S. Marshals,Renny Harlin,131 min,1998,6.5
881,Cliffhanger,Joe Johnston,113 min,1993,6.5
882,The Rocketeer,Randall Wallace,108 min,1991,6.5
883,The Man in the Iron Mask,Jeff Wadlow,132 min,I) (1998,6.5
884,Never Back Down,Adil El Arbi,113 min,2008,6.5
885,Bad Boys for Life,Simon West,124 min,2020,6.5
886,The Mechanic,Peter Segal,93 min,2011,6.5
887,Get Smart,Guy Hamilton,110 min,2008,6.5
888,Diamonds Are Forever,Boaz Yakin,120 min,1971,6.5
889,Safe,Tony Scott,94 min,I) (2012,6.5
890,Beverly Hills Cop II,Evan Goldberg,100 min,1987,6.5
891,The Interview,Tarsem Singh,112 min,II) (2014,6.5
892,Self/less,Andrew Davis,117 min,2015,6.5
893,Under Siege,Jon Turteltaub,103 min,1992,6.5
894,National Treasure: Book of Secrets,Scott Frank,124 min,2007,6.5
895,A Walk Among the Tombstones,Mark Waters,114 min,2014,6.5
896,The Spiderwick Chronicles,Pierre Morel,96 min,2008,6.5
897,Peppermint,Henry Joost,101 min,2018,6.5
898,Nerve,Dominic Sena,96 min,I) (2016,6.5
899,Swordfish,Rob Minkoff,99 min,2001,6.5
900,The Forbidden Kingdom,Geoff Murphy,104 min,2008,6.5
901,Young Guns II,David Mamet,104 min,1990,6.5
902,Heist,Tom Tykwer,109 min,2001,6.5
903,The International,Clint Eastwood,118 min,I) (2009,6.5
904,Space Cowboys,David R. Ellis,130 min,2000,6.5
905,Cellular,Stuart Baird,94 min,2004,6.5
906,Executive Decision,Patrick Tatopoulos,133 min,1996,6.5
907,Underworld: Rise of the Lycans,Florent-Emilio Siri,92 min,2009,6.5
908,Hostage,Leslie H. Martinson,113 min,2005,6.5
909,Batman: The Movie,Sung-hee Jo,105 min,1966,6.5
910,Space Sweepers,David Koepp,136 min,2021,6.5
911,Premium Rush,Tony Bill,91 min,2012,6.5
912,Flyboys,Kar-Wai Wong,140 min,2006,6.5
913,The Grandmaster,Shekhar Kapur,130 min,2013,6.5
914,The Four Feathers,Jay Russell,132 min,2002,6.5
915,Ladder 49,Siddharth Anand,115 min,2004,6.5
916,War,David Mamet,154 min,2019,6.5
917,Spartan,Sanjay Gadhvi,106 min,2004,6.5
918,Dhoom 2,Gérard Krawczyk,152 min,2006,6.5
919,Taxi 2,Patrick Alessandrin,88 min,2000,6.5
920,District 13: Ultimatum,Faruk Aksoy,101 min,2009,6.5
921,Conquest 1453,David Fincher,162 min,2012,6.5
922,Alien³,Adam Robitel,114 min,1992,6.4
923,Escape Room,Zack Snyder,99 min,I) (2019,6.4
924,Batman v Superman: Dawn of Justice,Stephen Sommers,151 min,2016,6.4
925,The Mummy Returns,Roland Emmerich,130 min,2001,6.4
926,The Day After Tomorrow,Luc Besson,124 min,2004,6.4
927,Valerian and the City of a Thousand Planets,Ric Roman Waugh,136 min,2017,6.4
928,Greenland,Ric Roman Waugh,119 min,2020,6.4
929,Angel Has Fallen,Luc Besson,121 min,2019,6.4
930,Lucy,Gareth Edwards,89 min,I) (2014,6.4
931,Godzilla,Michael Bay,123 min,2014,6.4
932,Pain & Gain,Jonathan Hensleigh,129 min,2013,6.4
933,The Punisher,Matthias Schweighöfer,124 min,2004,6.4
934,Army of Thieves,Sylvester Stallone,127 min,2021,6.4
935,The Expendables,Phil Alden Robinson,103 min,2010,6.4
936,The Sum of All Fears,Nimród Antal,124 min,2002,6.4
937,Predators,Brad Bird,107 min,2010,6.4
938,Tomorrowland,Scott Waugh,130 min,2015,6.4
939,Need for Speed,Stephen Herek,132 min,2014,6.4
940,The Three Musketeers,Jaume Balagueró,105 min,1993,6.4
941,The Vault,Jon M. Chu,118 min,2021,6.4
942,Now You See Me 2,Michael Apted,129 min,2016,6.4
943,The World Is Not Enough,David Twohy,128 min,1999,6.4
944,Riddick,Peter Berg,119 min,2013,6.4
945,Hancock,Oliver Stone,92 min,2008,6.4
946,Savages,Jerry Zucker,131 min,I) (2012,6.4
947,Rat Race,Phillip Noyce,112 min,2001,6.4
948,Salt,Olivier Megaton,100 min,2010,6.4
949,Colombiana,Andrey Konchalovskiy,108 min,2011,6.4
950,Tango & Cash,John Moore,104 min,1989,6.4
951,Behind Enemy Lines,Gore Verbinski,106 min,2001,6.4
952,The Lone Ranger,Walter Hill,150 min,2013,6.4
953,Last Man Standing,Rob Letterman,101 min,1996,6.4
954,Monsters vs. Aliens,James DeMonaco,94 min,2009,6.4
955,The Purge: Anarchy,Coralie Fargeat,103 min,2014,6.4
956,Revenge,Luke Greenfield,108 min,II) (2017,6.4
957,Let's Be Cops,Mark DiSalle,104 min,2014,6.4
958,Kickboxer,Paul W.S. Anderson,97 min,1989,6.4
959,Death Race,Tony Giglio,105 min,2008,6.4
960,Chaos,Michael Spierig,106 min,II) (2005,6.4
961,Daybreakers,Thurop Van Orman,98 min,2009,6.4
962,The Angry Birds Movie 2,Ben Affleck,97 min,2019,6.4
963,Live by Night,Ben Wheatley,129 min,2016,6.4
964,Kill List,Frank Coraci,95 min,2011,6.4
965,Here Comes the Boom,Tim Story,105 min,2012,6.4
966,Shaft,Rob Cohen,111 min,2019,6.4
967,DragonHeart,Jean-François Richet,103 min,1996,6.4
968,Blood Father,Mike McCoy,88 min,2016,6.4
969,Act of Valor,Hironobu Sakaguchi,110 min,2012,6.4
970,Final Fantasy: The Spirits Within,Sam Raimi,106 min,2001,6.4
971,Darkman,Tony Scott,96 min,1990,6.4
972,The Taking of Pelham 123,Gary McKendry,106 min,2009,6.4
973,Killer Elite,Stuart Baird,116 min,2011,6.4
974,Star Trek: Nemesis,Niels Arden Oplev,116 min,2002,6.4
975,Dead Man Down,George Tillman Jr.,118 min,2013,6.4
976,Faster,Pierre Morel,98 min,2010,6.4
977,From Paris with Love,Michael Caton-Jones,92 min,2010,6.4
978,The Jackal,Arne Glimcher,124 min,1997,6.4
979,Just Cause,Sam Liu,102 min,1995,6.4
980,Batman: The Killing Joke,Gregory Widen,76 min,2016,6.4
981,The Prophecy,Edward Zwick,98 min,1995,6.4
982,The Siege,Jonathan Frakes,116 min,1998,6.4
983,Star Trek: Insurrection,Kevin Macdonald,103 min,1998,6.4
984,How I Live Now,Julius Avery,101 min,2013,6.4
985,Son of a Gun,John McTiernan,108 min,2014,6.4
986,Basic,David Michôd,98 min,2003,6.4
987,The Rover,Christopher Smith,103 min,2014,6.4
988,Black Death,Boris Sagal,102 min,2010,6.4
989,The Omega Man,Ric Roman Waugh,98 min,1971,6.4
990,Snitch,Clint Eastwood,112 min,I) (2013,6.4
991,Blood Work,John Flynn,110 min,2002,6.4
992,Lock Up,Baltasar Kormákur,109 min,1989,6.4
993,Contraband,Gregor Jordan,109 min,2012,6.4
994,Ned Kelly,Deon Taylor,110 min,2003,6.4
995,Black and Blue,Timur Bekmambetov,108 min,I) (2019,6.4
996,Night Watch,Makoto Kamiya,114 min,2004,6.4
997,Resident Evil: Degeneration,Timur Bekmambetov,98 min,2008,6.4
998,Day Watch,Emilis Velyvis,132 min,2006,6.4
999,Redirected,Jaume Collet-Serra,99 min,2014,6.4
"1,000",Black Adam,Guy Ritchie,125 min,2022,6.3
"1,001",Operation Fortune: Ruse de Guerre,David Lynch,114 min,2023,6.3
"1,002",Dune,Ruben Fleischer,137 min,1984,6.3
"1,003",Uncharted,Chloé Zhao,116 min,2022,6.3
"1,004",Eternals,Roland Emmerich,156 min,2021,6.3
"1,005",White House Down,Gary Ross,131 min,2013,6.3
"1,006",Ocean's Eight,James Mangold,110 min,2018,6.3
"1,007",Knight and Day,Matthew Vaughn,109 min,2010,6.3
"1,008",The King's Man,Rawson Marshall Thurber,131 min,2021,6.3
"1,009",Red Notice,Wes Ball,118 min,2021,6.3
"1,010",Maze Runner: The Scorch Trials,Roar Uthaug,131 min,2015,6.3
"1,011",Tomb Raider,Sam Raimi,119 min,2018,6.3
"1,012",Spider-Man 3,Jonathan Mostow,139 min,2007,6.3
"1,013",Terminator 3: Rise of the Machines,Kyle Rankin,109 min,2003,6.3
"1,014",Run Hide Fight,Adam Wingard,109 min,2020,6.3
"1,015",Godzilla vs. Kong,Alan Taylor,113 min,2021,6.3
"1,016",Terminator Genisys,Jaume Collet-Serra,126 min,2015,6.3
"1,017",The Shallows,Kevin Reynolds,86 min,2016,6.3
"1,018",Waterworld,Jonas Åkerlund,177 min,1995,6.3
"1,019",Polar,Antoine Fuqua,118 min,I) (2019,6.3
"1,020",King Arthur,Mike Mitchell,126 min,2004,6.3
"1,021",Sky High,Rupert Sanders,100 min,2005,6.3
"1,022",Ghost in the Shell,John Milius,107 min,2017,6.3
"1,023",Red Dawn,Jee-woon Kim,114 min,1984,6.3
"1,024",The Last Stand,Rawson Marshall Thurber,107 min,2013,6.3
"1,025",Central Intelligence,Jason Howden,107 min,2016,6.3
"1,026",Guns Akimbo,James Watkins,98 min,2019,6.3
"1,027",The Take,Clay Kaytis,92 min,2016,6.3
"1,028",The Angry Birds Movie,Mick Jackson,97 min,2016,6.3
"1,029",The Bodyguard,John Glen,129 min,1992,6.3
"1,030",A View to a Kill,Peter Segal,131 min,1985,6.3
"1,031",My Spy,Ben Wheatley,99 min,2020,6.3
"1,032",Free Fire,Louis Leterrier,91 min,2016,6.3
"1,033",Transporter 2,Kevin Bray,87 min,2005,6.3
"1,034",Walking Tall,Donald Petrie,86 min,2004,6.3
"1,035",Miss Congeniality,Fernando Coimbra,109 min,2000,6.3
"1,036",Sand Castle,Eli Roth,113 min,2017,6.3
"1,037",Death Wish,Stephen Hopkins,107 min,2018,6.3
"1,038",Predator 2,David Ayer,108 min,1990,6.3
"1,039",Bright,Jaume Collet-Serra,117 min,I) (2017,6.3
"1,040",The Commuter,McG,104 min,I) (2018,6.3
"1,041",This Means War,Bryan Singer,103 min,2012,6.3
"1,042",Jack the Giant Slayer,Robert Zemeckis,114 min,2013,6.3
"1,043",Beowulf,Robert Rodriguez,115 min,2007,6.3
"1,044",Once Upon a Time in Mexico,Il Cho,102 min,2003,6.3
"1,045",#Alive,Jon Amiel,98 min,2020,6.3
"1,046",Entrapment,Marcus Dunstan,113 min,1999,6.3
"1,047",The Collector,Christopher Landon,90 min,I) (2009,6.3
"1,048",Scouts Guide to the Zombie Apocalypse,Anton Corbijn,93 min,2015,6.3
"1,049",The American,Ariel Vromen,105 min,2010,6.3
"1,050",Criminal,Oliver Parker,113 min,2016,6.3
"1,051",Johnny English Reborn,John Woo,101 min,2011,6.3
"1,052",Paycheck,Nic Mathieu,119 min,2003,6.3
"1,053",Spectral,Guy Ritchie,107 min,2016,6.3
"1,054",Revolver,Paco Cabezas,111 min,2005,6.3
"1,055",Mr. Right,Jonathan Mostow,95 min,I) (2015,6.3
"1,056",Surrogates,James Fargo,89 min,2009,6.3
"1,057",Every Which Way But Loose,John Hillcoat,114 min,1978,6.3
"1,058",Triple 9,Bobby Farrelly,115 min,2016,6.3
"1,059",Osmosis Jones,Jean-François Richet,95 min,2001,6.3
"1,060",Assault on Precinct 13,Ted Berman,109 min,2005,6.3
"1,061",The Black Cauldron,Neil Marshall,80 min,1985,6.3
"1,062",Centurion,Michael Apted,97 min,2010,6.3
"1,063",Unlocked,Les Mayfield,98 min,I) (2017,6.3
"1,064",Blue Streak,James McTeigue,93 min,1999,6.3
"1,065",Ninja Assassin,Buddy Van Horn,99 min,2009,6.3
"1,066",The Dead Pool,Richard Donner,91 min,1988,6.3
"1,067",Assassins,Måns Mårlind,133 min,1995,6.3
"1,068",Underworld: Awakening,Kevin Reynolds,88 min,2012,6.3
"1,069",Risen,Miguel Sapochnik,107 min,2016,6.3
"1,070",Repo Men,Patrick Vollrath,111 min,2010,6.3
"1,071",7500,Tony Elliott,93 min,2019,6.3
"1,072",ARQ,Taylor Hackford,88 min,2016,6.3
"1,073",Proof of Life,Don Taylor,135 min,2000,6.3
"1,074",Escape from the Planet of the Apes,John Badham,98 min,1971,6.3
"1,075",Nick of Time,Ronny Yu,90 min,1995,6.3
"1,076",Formula 51,Fredrik Bond,93 min,2001,6.3
"1,077",Charlie Countryman,Rakeysh Omprakash Mehra,103 min,2013,6.3
"1,078",Toofaan,Steven Caple Jr.,163 min,2021,6.3
"1,079",Transformers: Rise of the Beasts,Steven Spielberg,127 min,2023,6.2
"1,080",Indiana Jones and the Kingdom of the Crystal Skull,Taika Waititi,122 min,2008,6.2
"1,081",Thor: Love and Thunder,Michael Bay,118 min,2022,6.2
"1,082",Transformers: Dark of the Moon,Michael Bay,154 min,2011,6.2
"1,083",Pearl Harbor,Lewis Gilbert,183 min,2001,6.2
"1,084",Moonraker,Jean-Pierre Jeunet,126 min,1979,6.2
"1,085",Alien: Resurrection,Tim Miller,109 min,1997,6.2
"1,086",Terminator: Dark Fate,Xavier Gens,128 min,2019,6.2
"1,087",Hitman,Harald Zwart,100 min,I) (2007,6.2
"1,088",The Karate Kid,Mimi Leder,140 min,2010,6.2
"1,089",Deep Impact,Joe Dante,120 min,1998,6.2
"1,090",Small Soldiers,Len Wiseman,110 min,1998,6.2
"1,091",Total Recall,David Yates,118 min,I) (2012,6.2
"1,092",The Legend of Tarzan,Alex Proyas,110 min,2016,6.2
"1,093",Knowing,Noam Murro,121 min,2009,6.2
"1,094",300: Rise of an Empire,Ivan Reitman,102 min,2014,6.2
"1,095",Kindergarten Cop,Kenneth Branagh,111 min,1990,6.2
"1,096",Jack Ryan: Shadow Recruit,Brett Ratner,105 min,2014,6.2
"1,097",Rush Hour 3,Barry Sonnenfeld,91 min,2007,6.2
"1,098",Men in Black II,Wally Pfister,88 min,2002,6.2
"1,099",Transcendence,Warren Beatty,119 min,I) (2014,6.2
"1,100",Dick Tracy,Carl Rinsch,105 min,1990,6.2
"1,101",47 Ronin,Howard McCain,128 min,2013,6.2
"1,102",Outlander,Jim Mickle,115 min,2008,6.2
"1,103",In the Shadow of the Moon,Wes Ball,115 min,2019,6.2
"1,104",Maze Runner: The Death Cure,Rob Bowman,143 min,2018,6.2
"1,105",Reign of Fire,Robin Pront,101 min,2002,6.2
"1,106",The Silencing,David Soren,93 min,2020,6.2
"1,107",Captain Underpants: The First Epic Movie,David Kerr,89 min,2017,6.2
"1,108",Johnny English Strikes Again,Alan J. Pakula,89 min,2018,6.2
"1,109",The Devil's Own,Jay Roach,111 min,1997,6.2
"1,110",Austin Powers in Goldmember,Cedric Nicolas-Troyan,94 min,2002,6.2
"1,111",Kate,Ron Howard,106 min,I) (2021,6.2
"1,112",Inferno,George Miller,121 min,I) (2016,6.2
"1,113",Mad Max Beyond Thunderdome,Hal Needham,107 min,1985,6.2
"1,114",The Cannonball Run,Doug Liman,95 min,1981,6.2
"1,115",The Wall,Robert Schwentke,88 min,II) (2017,6.2
"1,116",The Divergent Series: Insurgent,Taylor Hackford,119 min,2015,6.2
"1,117",Parker,Scott Derrickson,118 min,2013,6.2
"1,118",Deliver Us from Evil,Gary Shore,118 min,I) (2014,6.2
"1,119",Dracula Untold,Peter Berg,92 min,2014,6.2
"1,120",Spenser Confidential,Greg McLean,111 min,2020,6.2
"1,121",Rogue,Chuck Russell,99 min,2007,6.2
"1,122",Eraser,Julian Gilbey,115 min,1996,6.2
"1,123",A Lonely Place to Die,Roger Donaldson,99 min,2011,6.2
"1,124",The November Man,Peter Howitt,108 min,2014,6.2
"1,125",Johnny English,Mark Dennis,87 min,2003,6.2
"1,126",Time Trap,Jon Favreau,87 min,2017,6.2
"1,127",Zathura: A Space Adventure,Kevin Munroe,101 min,2005,6.2
"1,128",TMNT,Louis Leterrier,87 min,2007,6.2
"1,129",The Brothers Grimsby,Olivier Megaton,83 min,2016,6.2
"1,130",Taken 2,Michael Herz,92 min,2012,6.2
"1,131",The Toxic Avenger,McG,82 min,1984,6.2
"1,132",3 Days to Kill,Paul Bartel,117 min,2014,6.2
"1,133",Death Race 2000,Joe Carnahan,80 min,1975,6.2
"1,134",Copshop,Steven Knight,107 min,2021,6.2
"1,135",Redemption,Michael Cuesta,100 min,I) (2013,6.2
"1,136",American Assassin,Lee Tamahori,111 min,2017,6.2
"1,137",Next,Hans Petter Moland,96 min,2007,6.2
"1,138",Cold Pursuit,John Woo,119 min,2019,6.2
"1,139",Hard Target,John Luessenhop,97 min,1993,6.2
"1,140",Takers,Peter Atencio,107 min,2010,6.2
"1,141",Keanu,Sheldon Lettich,100 min,2016,6.2
"1,142",Lionheart,Sylvain White,108 min,1990,6.2
"1,143",The Losers,Michael Dowse,97 min,I) (2010,6.2
"1,144",Stuber,Phillip Noyce,93 min,2019,6.2
"1,145",The Saint,Brett Ratner,116 min,1997,6.2
"1,146",Tower Heist,David Dobkin,104 min,2011,6.2
"1,147",Shanghai Knights,Russell Mulcahy,114 min,2003,6.2
"1,148",Resident Evil: Extinction,John Gulager,94 min,2007,6.2
"1,149",Feast,Kazuaki Kiriya,95 min,2005,6.2
"1,150",Last Knights,Kevin Macdonald,115 min,2015,6.2
"1,151",The Eagle,Steve Oedekerk,114 min,2011,6.2
"1,152",Kung Pow: Enter the Fist,Martin Zandvliet,81 min,2002,6.2
"1,153",The Outsider,Philip G. Atwell,120 min,I) (2018,6.2
"1,154",War,Gene Quintano,103 min,2007,6.2
"1,155",Loaded Weapon 1,Troy Duffy,84 min,1993,6.2
"1,156",The Boondock Saints II: All Saints Day,Philip Kaufman,118 min,2009,6.2
"1,157",Rising Sun,Kunihiko Yuyama,129 min,1993,6.2
"1,158",Pokémon: The First Movie - Mewtwo Strikes Back,Stephen Hopkins,96 min,1998,6.2
"1,159",Blown Away,David Bowers,121 min,1994,6.2
"1,160",Astro Boy,Karyn Kusama,94 min,2009,6.2
"1,161",Destroyer,Brett Ratner,121 min,2018,6.2
"1,162",Money Talks,Brett Ratner,97 min,1997,6.2
"1,163",After the Sunset,Sammo Kam-Bo Hung,97 min,2004,6.2
"1,164",Mr. Nice Guy,Sngmoo Lee,88 min,1997,6.2
"1,165",The Warrior's Way,Tony Jaa,100 min,2010,6.2
"1,166",Ong Bak 2,Akan Satayev,98 min,2008,6.2
"1,167",The Legend of Tomiris,Abhinav Kashyap,156 min,2019,6.2
"1,168",Dabangg,John Woo,126 min,2010,6.2
"1,169",Mission: Impossible II,Peyton Reed,123 min,2000,6.1
"1,170",Ant-Man and the Wasp: Quantumania,Christian Rivers,124 min,2023,6.1
"1,171",Mortal Engines,Cedric Nicolas-Troyan,128 min,2018,6.1
"1,172",The Huntsman: Winter's War,Rupert Sanders,114 min,2016,6.1
"1,173",Snow White and the Huntsman,Simon McQuoid,127 min,2012,6.1
"1,174",Mortal Kombat,Aaron Nee,110 min,2021,6.1
"1,175",The Lost City,Zack Snyder,112 min,2022,6.1
"1,176",Justice League,J.A. Bayona,120 min,2017,6.1
"1,177",Jurassic World: Fallen Kingdom,Michael Bay,128 min,2018,6.1
"1,178",6 Underground,Brad Peyton,128 min,2019,6.1
"1,179",Rampage,Michael Bay,107 min,2018,6.1
"1,180",Ambulance,Cathy Yan,136 min,2022,6.1
"1,181",Birds of Prey,Patrick Hughes,109 min,2020,6.1
"1,182",Hitman's Wife's Bodyguard,Edward Zwick,100 min,2021,6.1
"1,183",Jack Reacher: Never Go Back,Drew Pearce,118 min,2016,6.1
"1,184",Hotel Artemis,Navot Papushado,94 min,2018,6.1
"1,185",Gunpowder Milkshake,Bryan Singer,114 min,2021,6.1
"1,186",Superman Returns,Angus MacLane,154 min,2006,6.1
"1,187",Lightyear,Irvin Kershner,105 min,2022,6.1
"1,188",Never Say Never Again,J.J. Perry,134 min,1983,6.1
"1,189",Day Shift,James Bobin,113 min,2022,6.1
"1,190",Dora and the Lost City of Gold,Tony Scott,102 min,2019,6.1
"1,191",Days of Thunder,Patrick Hughes,107 min,1990,6.1
"1,192",The Expendables 3,Anna Foerster,126 min,2014,6.1
"1,193",Lou,Tommy Wirkola,107 min,I) (2022,6.1
"1,194",Hansel & Gretel: Witch Hunters,Brad Peyton,88 min,2013,6.1
"1,195",San Andreas,José Padilha,114 min,2015,6.1
"1,196",RoboCop,John G. Avildsen,117 min,2014,6.1
"1,197",The Karate Kid Part II,Lee Tamahori,113 min,1986,6.1
"1,198",Die Another Day,Peter Berg,133 min,2002,6.1
"1,199",Mile 22,Adrian Grunberg,94 min,2018,6.1
"1,200",Rambo: Last Blood,Doug Liman,89 min,2019,6.1
"1,201",Jumper,Peter Yates,88 min,2008,6.1
"1,202",Krull,Stephen Sommers,121 min,1983,6.1
"1,203",Deep Rising,Lana Wachowski,106 min,1998,6.1
"1,204",Speed Racer,Fede Alvarez,135 min,2008,6.1
"1,205",The Girl in the Spider's Web,Tobe Hooper,115 min,2018,6.1
"1,206",Lifeforce,Alexandre Aja,101 min,1985,6.1
"1,207",Crawl,Jon Turteltaub,87 min,I) (2019,6.1
"1,208",The Sorcerer's Apprentice,D.J. Caruso,109 min,2010,6.1
"1,209",I Am Number Four,Kinka Usher,111 min,2011,6.1
"1,210",Mystery Men,Roland Emmerich,121 min,1999,6.1
"1,211",Universal Soldier,Alexander Witt,102 min,1992,6.1
"1,212",Resident Evil: Apocalypse,Martin Campbell,94 min,2004,6.1
"1,213",The Protégé,Peter Thorwarth,109 min,2021,6.1
"1,214",Blood Red Sky,Lewis Teague,121 min,2021,6.1
"1,215",The Jewel of the Nile,Paul McGuigan,106 min,1985,6.1
"1,216",Push,Kevin Smith,111 min,2009,6.1
"1,217",Red State,Terry George,88 min,2011,6.1
"1,218",The Promise,Kevin Costner,133 min,II) (2016,6.1
"1,219",The Postman,Mark Neveldine,177 min,1997,6.1
"1,220",Crank: High Voltage,Barry Levinson,96 min,2009,6.1
"1,221",Sphere,Elliott Lester,134 min,1998,6.1
"1,222",Blitz,John Carpenter,97 min,2011,6.1
"1,223",Vampires,John Woo,108 min,1998,6.1
"1,224",Broken Arrow,Nima Nourizadeh,108 min,1996,6.1
"1,225",American Ultra,John Woo,96 min,2015,6.1
"1,226",Windtalkers,Walter Hill,134 min,2002,6.1
"1,227",Red Heat,Jeff Chan,104 min,1988,6.1
"1,228",Code 8,Tim Story,98 min,2019,6.1
"1,229",Ride Along,Andrzej Bartkowiak,99 min,2014,6.1
"1,230",Romeo Must Die,David Palmer,115 min,2000,6.1
"1,231",Hit and Run,John Badham,100 min,I) (2012,6.1
"1,232",Point of No Return,Marcus Dunstan,109 min,1993,6.1
"1,233",The Collection,Scott Mann,82 min,II) (2012,6.1
"1,234",Heist,John A. Davis,93 min,III) (2015,6.1
"1,235",Jimmy Neutron: Boy Genius,Ruben Fleischer,82 min,2001,6.1
"1,236",30 Minutes or Less,Clark Johnson,83 min,2011,6.1
"1,237",The Sentinel,John Moore,108 min,2006,6.1
"1,238",Flight of the Phoenix,Rob Schneider,113 min,2004,6.1
"1,239",Big Stan,Allen Hughes,105 min,2007,6.1
"1,240",Broken City,M.J. Bassett,109 min,2013,6.1
"1,241",Solomon Kane,John Flynn,104 min,2009,6.1
"1,242",Out for Justice,Kerry Conran,91 min,1991,6.1
"1,243",Sky Captain and the World of Tomorrow,Jonathan English,106 min,2004,6.1
"1,244",Ironclad,Nash Edgerton,121 min,2011,6.1
"1,245",Gringo,Harold Becker,111 min,2018,6.1
"1,246",Mercury Rising,Dwight H. Little,111 min,1998,6.1
"1,247",Murder at 1600,Antoine Fuqua,107 min,1997,6.1
"1,248",The Replacement Killers,Walter Hill,87 min,1998,6.1
"1,249",Undisputed,Jason Eisener,94 min,2002,6.1
"1,250",Hobo with a Shotgun,Stuart Beattie,86 min,2011,6.1
"1,251","Tomorrow, When the War Began",J. Lee Thompson,104 min,2010,6.1
"1,252",Conquest of the Planet of the Apes,John Herzfeld,88 min,1972,6.1
"1,253",15 Minutes,Michael Showalter,120 min,2001,6.1
"1,254",The Lovebirds,Rohit Shetty,86 min,2020,6.1
"1,255",Chennai Express,Roger Donaldson,141 min,2013,6.1
"1,256",Seeking Justice,Peter Howitt,105 min,2011,6.1
"1,257",Antitrust,S. Shankar,108 min,2001,6.1
"1,258",2.0,H. Vinoth,148 min,2018,6.1
"1,259",Thunivu,Eran Creevy,145 min,2023,6.1
"1,260",Welcome to the Punch,Rohit Shetty,99 min,2013,6.1
"1,261",Sooryavanshi,David F. Sandberg,145 min,2021,6.1
"1,262",Shazam! Fury of the Gods,Tarsem Singh,130 min,2023,6.0
"1,263",Immortals,Justin Lin,110 min,2011,6.0
"1,264",The Fast and the Furious: Tokyo Drift,Zack Snyder,104 min,2006,6.0
"1,265",Sucker Punch,Stephen Sommers,110 min,2011,6.0
"1,266",Van Helsing,Kyle Newacheck,131 min,2004,6.0
"1,267",Murder Mystery,Ridley Scott,97 min,2019,6.0
"1,268",Exodus: Gods and Kings,Michael Dougherty,150 min,2014,6.0
"1,269",Godzilla: King of the Monsters,Brett Ratner,132 min,2019,6.0
"1,270",Hercules,Breck Eisner,98 min,I) (2014,6.0
"1,271",Sahara,Simon Wells,124 min,2005,6.0
"1,272",The Time Machine,Rodo Sayagues,96 min,2002,6.0
"1,273",Don't Breathe 2,Ridley Scott,98 min,2021,6.0
"1,274",G.I. Jane,Clark Johnson,125 min,1997,6.0
"1,275",S.W.A.T.,Taylor Sheridan,117 min,2003,6.0
"1,276",Those Who Wish Me Dead,Jon Favreau,100 min,2021,6.0
"1,277",Cowboys & Aliens,Olivier Megaton,119 min,2011,6.0
"1,278",Taken 3,Derrick Borte,108 min,2014,6.0
"1,279",Unhinged,Irwin Winkler,90 min,I) (2020,6.0
"1,280",The Net,Florian Henckel von Donnersmarck,114 min,I) (1995,6.0
"1,281",The Tourist,Roger Donaldson,103 min,I) (2010,6.0
"1,282",Dante's Peak,Michael Pressman,108 min,1997,6.0
"1,283",Teenage Mutant Ninja Turtles II: The Secret of the Ooze,Michael Mann,88 min,1991,6.0
"1,284",Miami Vice,Mark Williams,132 min,2006,6.0
"1,285",Honest Thief,John Singleton,99 min,2020,6.0
"1,286",Shaft,Henry Joost,99 min,2000,6.0
"1,287",Project Power,Dax Shepard,113 min,2020,6.0
"1,288",CHIPS,Nicolas Winding Refn,100 min,2017,6.0
"1,289",Valhalla Rising,Susanna Fogel,93 min,2009,6.0
"1,290",The Spy Who Dumped Me,James DeMonaco,117 min,2018,6.0
"1,291",The Purge: Election Year,Gabe Ibáñez,108 min,2016,6.0
"1,292",Automata,Charlie Bean,109 min,I) (2014,6.0
"1,293",The Lego Ninjago Movie,Jerry Zucker,101 min,2017,6.0
"1,294",First Knight,Rupert Wyatt,134 min,1995,6.0
"1,295",Captive State,Olivier Megaton,109 min,2019,6.0
"1,296",Transporter 3,Paul W.S. Anderson,104 min,2008,6.0
"1,297",Soldier,Ted Post,99 min,I) (1998,6.0
"1,298",Beneath the Planet of the Apes,Caradog W. James,95 min,1970,6.0
"1,299",The Machine,F. Gary Gray,91 min,I) (2013,6.0
"1,300",A Man Apart,Mimi Leder,109 min,2003,6.0
"1,301",The Peacemaker,Mark L. Lester,124 min,1997,6.0
"1,302",Firestarter,James Mather,114 min,1984,6.0
"1,303",Lockout,William Friedkin,95 min,2012,6.0
"1,304",The Hunted,David Pastor,94 min,2003,6.0
"1,305",Carriers,Andrew Davis,84 min,2009,6.0
"1,306",Above the Law,Russell Mulcahy,99 min,1988,6.0
"1,307",The Shadow,Pat Proft,108 min,1994,6.0
"1,308",Wrongfully Accused,Scott Wiper,87 min,1998,6.0
"1,309",The Condemned,Vamshi Paidipally,113 min,2007,6.0
"1,310",Varisu,Philipp Stölzl,169 min,2023,6.0
"1,311",Erased,John Badham,100 min,2012,6.0
"1,312",Bird on a Wire,Kirk Wong,110 min,1990,6.0
"1,313",The Big Hit,Mimi Leder,91 min,1998,6.0
"1,314",The Code,Scott Mann,104 min,I) (2009,6.0
"1,315",The Tournament,Rod Daniel,95 min,2009,6.0
"1,316",K-9,Keanu Reeves,101 min,1989,6.0
"1,317",Man of Tai Chi,Sajid Nadiadwala,105 min,2013,6.0
"1,318",Kick,Louis Leterrier,146 min,2014,6.0
"1,319",Fast X,David Ayer,141 min,2023,5.9
"1,320",Suicide Squad,Michael Bay,123 min,2016,5.9
"1,321",Transformers: Revenge of the Fallen,Renny Harlin,149 min,2009,5.9
"1,322",Deep Blue Sea,Andy Serkis,105 min,1999,5.9
"1,323",Venom: Let There Be Carnage,Paul Feig,97 min,2021,5.9
"1,324",The School for Good and Evil,David Raymond,147 min,2022,5.9
"1,325",Night Hunter,Siddharth Anand,98 min,2018,5.9
"1,326",Pathaan,Yimou Zhang,146 min,2023,5.9
"1,327",The Great Wall,John Singleton,103 min,I) (2016,5.9
"1,328",2 Fast 2 Furious,Joe Johnston,107 min,2003,5.9
"1,329",Jurassic Park III,William Eubank,92 min,2001,5.9
"1,330",Underwater,Dave Green,95 min,2020,5.9
"1,331",Teenage Mutant Ninja Turtles: Out of the Shadows,Richard Fleischer,112 min,2016,5.9
"1,332",Conan the Destroyer,Ivan Reitman,103 min,1984,5.9
"1,333",Six Days Seven Nights,John Stockwell,102 min,1998,5.9
"1,334",Into the Blue,Babak Najafi,110 min,2005,5.9
"1,335",London Has Fallen,Heitor Dhalia,99 min,2016,5.9
"1,336",Gone,Martin Campbell,94 min,I) (2012,5.9
"1,337",Vertical Limit,Greg Mottola,124 min,2000,5.9
"1,338",Keeping Up with the Joneses,Dean Israelite,105 min,2016,5.9
"1,339",Power Rangers,Timur Bekmambetov,124 min,2017,5.9
"1,340",Abraham Lincoln: Vampire Hunter,Breck Eisner,105 min,2012,5.9
"1,341",The Last Witch Hunter,Terry Gilliam,106 min,2015,5.9
"1,342",The Brothers Grimm,Peter Hyams,118 min,2005,5.9
"1,343",Timecop,Neil Marshall,99 min,1994,5.9
"1,344",Doomsday,Roger Spottiswoode,105 min,I) (2008,5.9
"1,345",The 6th Day,Timo Vuorensola,123 min,2000,5.9
"1,346",Iron Sky,Lexi Alexander,93 min,2012,5.9
"1,347",Punisher: War Zone,Gary Nelson,103 min,2008,5.9
"1,348",The Black Hole,Tony Scott,98 min,1979,5.9
"1,349",Domino,Frant Gwo,127 min,2005,5.9
"1,350",The Wandering Earth,Lin Oeding,125 min,2019,5.9
"1,351",Braven,Anthony Hemingway,94 min,2018,5.9
"1,352",Red Tails,Michael Ritchie,125 min,2012,5.9
"1,353",The Golden Child,Martin Campbell,94 min,1986,5.9
"1,354",The Legend of Zorro,James Wong,129 min,2005,5.9
"1,355",The One,Clint Eastwood,87 min,2001,5.9
"1,356",The Rookie,Clint Eastwood,120 min,1990,5.9
"1,357",Firefox,Tony Scott,136 min,1982,5.9
"1,358",The Fan,Rob Cohen,116 min,1996,5.9
"1,359",Daylight,Kevin Hooks,114 min,1996,5.9
"1,360",Passenger 57,Dave Filoni,84 min,1992,5.9
"1,361",Star Wars: The Clone Wars,Eshom Nelms,98 min,2008,5.9
"1,362",Fatman,Malcolm D. Lee,100 min,2020,5.9
"1,363",Undercover Brother,Alister Grierson,86 min,2002,5.9
"1,364",Sanctum,Luis Prieto,108 min,2011,5.9
"1,365",Kidnap,Walter Hill,95 min,I) (2017,5.9
"1,366",Another 48 Hrs.,Mikael Salomon,95 min,1990,5.9
"1,367",Hard Rain,Emilio Estevez,97 min,1998,5.9
"1,368",Men at Work,Demian Lichtenstein,98 min,1990,5.9
"1,369",3000 Miles to Graceland,Michael Brandt,125 min,2001,5.9
"1,370",The Double,Stuart Gordon,98 min,I) (2011,5.9
"1,371",Fortress,Tim Story,95 min,1992,5.9
"1,372",Ride Along 2,Mehmet Tutkun,102 min,2016,5.9
"1,373",Tiger Lives,Dexter Fletcher,161 min,2017,5.9
"1,374",Ghosted,Niki Caro,116 min,I) (2023,5.8
"1,375",Mulan,Rawson Marshall Thurber,115 min,2020,5.8
"1,376",Skyscraper,Roland Emmerich,102 min,2018,5.8
"1,377",2012,Spike Lee,158 min,I) (2009,5.8
"1,378",Oldboy,Zack Snyder,104 min,2013,5.8
"1,379",Army of the Dead,Jonathan Liebesman,148 min,2021,5.8
"1,380",Teenage Mutant Ninja Turtles,Stephen Norrington,101 min,2014,5.8
"1,381",The League of Extraordinary Gentlemen,Peter Berg,110 min,2003,5.8
"1,382",Battleship,Louis Leterrier,131 min,2012,5.8
"1,383",Clash of the Titans,Paul Verhoeven,106 min,2010,5.8
"1,384",Hollow Man,Patrick Hughes,112 min,2000,5.8
"1,385",The Man from Toronto,Paul W.S. Anderson,110 min,2022,5.8
"1,386",Mortal Kombat,Roger Donaldson,101 min,1995,5.8
"1,387",Species,Menahem Golan,108 min,1995,5.8
"1,388",Over the Top,Eric Brevig,93 min,1987,5.8
"1,389",Journey to the Center of the Earth,Darren Aronofsky,93 min,2008,5.8
"1,390",Noah,Rob Cohen,138 min,2014,5.8
"1,391",xXx,Stefano Sollima,124 min,2002,5.8
"1,392",Without Remorse,David S. Goyer,109 min,II) (2021,5.8
"1,393",Blade: Trinity,George P. Cosmatos,113 min,2004,5.8
"1,394",Cobra,Harald Zwart,87 min,1986,5.8
"1,395",The Mortal Instruments: City of Bones,Burr Steers,130 min,2013,5.8
"1,396",Pride and Prejudice and Zombies,Roar Uthaug,108 min,2016,5.8
"1,397",Troll,Frank Coraci,101 min,2022,5.8
"1,398",Around the World in 80 Days,Peter Hyams,120 min,2004,5.8
"1,399",End of Days,Peter MacDonald,122 min,1999,5.8
"1,400",Rambo III,Steven Spielberg,102 min,1988,5.8
"1,401",1941,Ben Young,118 min,1979,5.8
"1,402",Extinction,Steve Miner,95 min,2018,5.8
"1,403",Lake Placid,Irvin Kershner,82 min,1999,5.8
"1,404",RoboCop 2,Walt Becker,117 min,1990,5.8
"1,405",Wild Hogs,Andrew Niccol,100 min,2007,5.8
"1,406",The Host,Steven Quale,125 min,2013,5.8
"1,407",Into the Storm,Michel Gondry,89 min,2014,5.8
"1,408",The Green Hornet,Bruce Malmuth,119 min,2011,5.8
"1,409",Hard to Kill,Rod Lurie,96 min,1990,5.8
"1,410",Straw Dogs,Steven Soderbergh,110 min,2011,5.8
"1,411",Haywire,Luke Scott,93 min,2011,5.8
"1,412",Morgan,Richard Loncraine,92 min,2016,5.8
"1,413",Firewall,Paul W.S. Anderson,105 min,2006,5.8
"1,414",Resident Evil: Afterlife,Pierre Morel,96 min,2010,5.8
"1,415",The Gunman,Roger Spottiswoode,115 min,2015,5.8
"1,416",Air America,Rowdy Herrington,113 min,1990,5.8
"1,417",Striking Distance,John Frankenheimer,102 min,1993,5.8
"1,418",Reindeer Games,Paul Weitz,104 min,2000,5.8
"1,419",Cirque du Freak: The Vampire's Assistant,Peter Hyams,109 min,2009,5.8
"1,420",Sudden Death,Andrzej Bartkowiak,111 min,1995,5.8
"1,421",Cradle 2 the Grave,Ernest R. Dickerson,101 min,2003,5.8
"1,422",Bulletproof,Gérard Krawczyk,84 min,1996,5.8
"1,423",Taxi 3,Jeremy Garelick,84 min,2003,5.8
"1,424",Murder Mystery 2,Lana Wachowski,90 min,2023,5.7
"1,425",The Matrix Resurrections,Adam Robitel,148 min,I) (2021,5.7
"1,426",Escape Room: Tournament of Champions,Stephen Sommers,88 min,2021,5.7
"1,427",G.I. Joe: The Rise of Cobra,Simon Kinberg,118 min,2009,5.7
"1,428",X-Men: Dark Phoenix,Tim Burton,113 min,2019,5.7
"1,429",Planet of the Apes,Don Hall,119 min,2001,5.7
"1,430",Strange World,Martin Campbell,102 min,2022,5.7
"1,431",Memory,Andy Tennant,114 min,I) (2022,5.7
"1,432",Fool's Gold,Jon M. Chu,112 min,I) (2008,5.7
"1,433",G.I. Joe: Retaliation,Tim Story,110 min,2013,5.7
"1,434",Fantastic Four,Jennifer Yuh Nelson,106 min,I) (2005,5.7
"1,435",The Darkest Minds,Paul W.S. Anderson,104 min,2018,5.7
"1,436",The Three Musketeers,Julius Avery,110 min,2011,5.7
"1,437",Samaritan,Nicolas Winding Refn,102 min,2022,5.7
"1,438",Only God Forgives,Dennis Gansel,90 min,2013,5.7
"1,439",Mechanic: Resurrection,Simon West,98 min,2016,5.7
"1,440",Lara Croft: Tomb Raider,Brad Peyton,100 min,2001,5.7
"1,441",Journey 2: The Mysterious Island,Doug Liman,94 min,2012,5.7
"1,442",Chaos Walking,Wolfgang Petersen,109 min,2021,5.7
"1,443",Poseidon,Aleksander Bach,98 min,2006,5.7
"1,444",Hitman: Agent 47,Dave Wilson,96 min,2015,5.7
"1,445",Bloodshot,Fran Rubel Kuzui,109 min,2020,5.7
"1,446",Buffy the Vampire Slayer,Robert Schwentke,86 min,1992,5.7
"1,447",Allegiant,Ronny Yu,120 min,2016,5.7
"1,448",Freddy vs. Jason,Joe Wright,97 min,2003,5.7
"1,449",Pan,Ang Lee,111 min,2015,5.7
"1,450",Gemini Man,Joachim Rønning,117 min,2019,5.7
"1,451",Bandidas,Jonathan Liebesman,93 min,2006,5.7
"1,452",Wrath of the Titans,John Carpenter,99 min,2012,5.7
"1,453",Escape from L.A.,Jonathan Liebesman,101 min,1996,5.7
"1,454",Battle Los Angeles,Anna Foerster,116 min,2011,5.7
"1,455",Underworld: Blood Wars,Steven Brill,91 min,2016,5.7
"1,456",Drillbit Taylor,Mark Neveldine,110 min,2008,5.7
"1,457",Gamer,Andy Fickman,95 min,2009,5.7
"1,458",Race to Witch Mountain,Steven Brill,98 min,2009,5.7
"1,459",The Do-Over,Renny Harlin,108 min,2016,5.7
"1,460",Cutthroat Island,Scott Stewart,124 min,1995,5.7
"1,461",Priest,Jonathan Milott,87 min,2011,5.7
"1,462",Cooties,Robert Lorenz,88 min,2014,5.7
"1,463",The Marksman,David Ayer,108 min,2021,5.7
"1,464",Sabotage,Michael Lehmann,109 min,2014,5.7
"1,465",Hudson Hawk,Timur Bekmambetov,100 min,1991,5.7
"1,466",Ben-Hur,Walter Hill,123 min,2016,5.7
"1,467",Bullet to the Head,Antony Hoffman,92 min,2012,5.7
"1,468",Red Planet,Ferdinando Cito Filomarino,106 min,2000,5.7
"1,469",Beckett,Ron Underwood,110 min,2021,5.7
"1,470",Mighty Joe Young,Joseph Ruben,114 min,1998,5.7
"1,471",Money Train,Vicky Jewson,110 min,1995,5.7
"1,472",Close,John Cornell,94 min,I) (2019,5.7
"1,473",Crocodile Dundee II,Robert Harmon,108 min,1988,5.7
"1,474",Nowhere to Run,Christian Duguay,94 min,1993,5.7
"1,475",The Art of War,Nimród Antal,117 min,2000,5.7
"1,476",Armored,Chandra Prakash Dwivedi,88 min,2009,5.7
"1,477",Samrat Prithviraj,Jon Turteltaub,135 min,2022,5.7
"1,478",The Meg,Colin Trevorrow,113 min,2018,5.6
"1,479",Jurassic World Dominion,Michael Bay,147 min,2022,5.6
"1,480",Transformers: Age of Extinction,Niki Caro,165 min,2014,5.6
"1,481",The Mother,Chris Columbus,115 min,2023,5.6
"1,482",Pixels,Baltasar Kormákur,105 min,2015,5.6
"1,483",Beast,McG,93 min,I) (2022,5.6
"1,484",Charlie's Angels,Dennis Dugan,98 min,2000,5.6
"1,485",You Don't Mess with the Zohan,Ang Lee,113 min,2008,5.6
"1,486",Hulk,Steven S. DeKnight,138 min,2003,5.6
"1,487",Pacific Rim: Uprising,F. Gary Gray,111 min,2018,5.6
"1,488",Men in Black: International,Brian Goodman,114 min,2019,5.6
"1,489",Last Seen Alive,Justin Kurzel,95 min,2022,5.6
"1,490",Assassin's Creed,Robert Rodriguez,115 min,2016,5.6
"1,491",Spy Kids,Oliver Stone,88 min,2001,5.6
"1,492",Alexander,Nikolaj Arcel,175 min,2004,5.6
"1,493",The Dark Tower,Paul W.S. Anderson,95 min,2017,5.6
"1,494",Alien vs. Predator,Robert Longo,101 min,2004,5.6
"1,495",Johnny Mnemonic,Tim Story,96 min,1995,5.6
"1,496",Fantastic Four: Rise of the Silver Surfer,Robert Schwentke,92 min,2007,5.6
"1,497",R.I.P.D.,Adam Shankman,96 min,2013,5.6
"1,498",The Pacifier,Simon Kinberg,95 min,2005,5.6
"1,499",The 355,Simon West,122 min,2022,5.6
"1,500",Wild Card,Tanya Wexler,92 min,2015,5.6
"1,501",Jolt,Danny Cannon,91 min,2021,5.6
"1,502",Judge Dredd,John Irvin,96 min,1995,5.6
"1,503",Raw Deal,Jeremy Saulnier,106 min,1986,5.6
"1,504",Hold the Dark,Richard Donner,125 min,2018,5.6
"1,505",Timeline,Robert Rodriguez,116 min,2003,5.6
"1,506",Machete Kills,Sheldon Lettich,107 min,2013,5.6
"1,507",Double Impact,Jonathan Hensleigh,110 min,1991,5.6
"1,508",The Ice Road,Andrew Davis,109 min,2021,5.6
"1,509",Chain Reaction,James McTeigue,107 min,1996,5.6
"1,510",Survivor,Luis Llosa,96 min,I) (2015,5.6
"1,511",The Specialist,Kevin Smith,110 min,1994,5.6
"1,512",Jay and Silent Bob Reboot,Camille Delamarre,105 min,2019,5.6
"1,513",Brick Mansions,Ayan Mukerji,90 min,2014,5.6
"1,514",Brahmastra Part One: Shiva,Dennis Dugan,167 min,2022,5.6
"1,515",National Security,Jorma Taccone,88 min,2003,5.6
"1,516",MacGruber,Dito Montiel,90 min,2010,5.6
"1,517",Fighting,Harald Zwart,105 min,2009,5.6
"1,518",The Pink Panther 2,Joel Schumacher,92 min,2009,5.6
"1,519",Bad Company,Baran bo Odar,116 min,2002,5.6
"1,520",Sleepless,Rob Cohen,95 min,III) (2017,5.6
"1,521",The Skulls,Thomas Carter,106 min,2000,5.6
"1,522",Metro,David Barrett,117 min,1997,5.6
"1,523",Fire with Fire,Jean-Claude Van Damme,97 min,II) (2012,5.6
"1,524",The Quest,Renny Harlin,95 min,1996,5.6
"1,525",12 Rounds,Andrzej Bartkowiak,108 min,2009,5.6
"1,526",Exit Wounds,Bruce Beresford,101 min,2001,5.6
"1,527",The Contract,Mathur Goswami,96 min,2006,5.6
"1,528",Once There Was a Tiger,Siddharth Anand,132 min,2012,5.6
"1,529",Bang Bang,Seth Gordon,153 min,I) (2014,5.6
"1,530",Baywatch,Jason Moore,116 min,2017,5.5
"1,531",Shotgun Wedding,Chuck Russell,101 min,2022,5.5
"1,532",The Scorpion King,Joseph Kosinski,92 min,2002,5.5
"1,533",Spiderhead,Kevin Lewis,106 min,2022,5.5
"1,534",Willy's Wonderland,Jon Amiel,88 min,2021,5.5
"1,535",The Core,Martin Campbell,135 min,2003,5.5
"1,536",Green Lantern,Antoine Fuqua,114 min,2011,5.5
"1,537",Infinite,Sergei Bodrov,106 min,2021,5.5
"1,538",Seventh Son,Sam Weisman,102 min,I) (2014,5.5
"1,539",George of the Jungle,Andy Tennant,92 min,1997,5.5
"1,540",The Bounty Hunter,David Gordon Green,110 min,I) (2010,5.5
"1,541",Your Highness,John Landis,102 min,2011,5.5
"1,542",Beverly Hills Cop III,David R. Ellis,104 min,1994,5.5
"1,543",Snakes on a Plane,Paul W.S. Anderson,105 min,2006,5.5
"1,544",Pompeii,Ellory Elkayem,105 min,I) (2014,5.5
"1,545",Eight Legged Freaks,Julius Onah,99 min,2002,5.5
"1,546",The Cloverfield Paradox,Brian Andrew Mendoza,102 min,2018,5.5
"1,547",Sweet Girl,Mick Jackson,110 min,2021,5.5
"1,548",Volcano,Paul W.S. Anderson,104 min,1997,5.5
"1,549",Resident Evil: The Final Chapter,Sang-ho Yeon,107 min,2016,5.5
"1,550",Peninsula,Brett Leonard,116 min,2020,5.5
"1,551",Virtuosity,William Shatner,106 min,1995,5.5
"1,552",Star Trek V: The Final Frontier,Jan de Bont,107 min,1989,5.5
"1,553",Lara Croft: Tomb Raider - The Cradle of Life,David Koepp,117 min,2003,5.5
"1,554",Mortdecai,Geoff Murphy,107 min,2015,5.5
"1,555",Under Siege 2: Dark Territory,Brian Henson,100 min,1995,5.5
"1,556",The Happytime Murders,Andrew Davis,91 min,2018,5.5
"1,557",Collateral Damage,Simon West,108 min,2002,5.5
"1,558",Stolen,Mathieu Kassovitz,96 min,2012,5.5
"1,559",Babylon A.D.,Dennis Dugan,90 min,2008,5.5
"1,560",Beverly Hills Ninja,Dominic Sena,88 min,1997,5.5
"1,561",Whiteout,Kevin Smith,101 min,2009,5.5
"1,562",Cop Out,Tom Dey,107 min,2010,5.5
"1,563",Showtime,Les Mayfield,95 min,2002,5.5
"1,564",The Man,Gérard Krawczyk,83 min,2005,5.5
"1,565",Taxi 4,ALi Khan AK,91 min,2007,5.5
"1,566",Gunjan Saxena: The Kargil Girl,Jerry,112 min,2020,5.5
"1,567",The Legend,Scott Beck,161 min,2022,5.5
"1,568",65,Alex Kurtzman,93 min,2023,5.4
"1,569",The Mummy,Joel Schumacher,110 min,2017,5.4
"1,570",Batman Forever,Alex Proyas,121 min,1995,5.4
"1,571",Gods of Egypt,Patty Jenkins,127 min,2016,5.4
"1,572",Wonder Woman 1984,Everardo Gout,151 min,2020,5.4
"1,573",The Forever Purge,Robert Schwentke,103 min,2021,5.4
"1,574",Snake Eyes,Kyle Newacheck,121 min,2021,5.4
"1,575","Game Over, Man!",Roland Emmerich,101 min,2018,5.4
"1,576",Godzilla,Tate Taylor,139 min,I) (1998,5.4
"1,577",Ava,Robert Luketic,96 min,IV) (2020,5.4
"1,578",Killers,Stephen King,100 min,2010,5.4
"1,579",Maximum Overdrive,Karyn Kusama,98 min,1986,5.4
"1,580",Æon Flux,Patrick Lussier,93 min,2005,5.4
"1,581",Drive Angry,Dominic Sena,104 min,2011,5.4
"1,582",Season of the Witch,Michael Mann,95 min,2011,5.4
"1,583",Blackhat,Mark Waters,133 min,2015,5.4
"1,584",Vampire Academy,Mikael Håfström,104 min,2014,5.4
"1,585",Outside the Wire,Kevin Donovan,114 min,2021,5.4
"1,586",The Tuxedo,Jalmari Helander,98 min,2002,5.4
"1,587",Big Game,Doug Lefler,110 min,2014,5.4
"1,588",The Last Legion,Robert Lieberman,101 min,2007,5.4
"1,589",D3: The Mighty Ducks,Brian Levant,104 min,1996,5.4
"1,590",The Spy Next Door,Marcus Nispel,94 min,2010,5.4
"1,591",Pathfinder,RZA,99 min,2007,5.4
"1,592",The Man with the Iron Fists,J. Lee Thompson,95 min,2012,5.4
"1,593",Battle for the Planet of the Apes,John Curran,93 min,1973,5.4
"1,594",Stone,Paul Hunter,105 min,2010,5.4
"1,595",Bulletproof Monk,Vijay Krishna Acharya,104 min,2003,5.4
"1,596",Dhoom 3,Mark Steven Johnson,172 min,2013,5.4
"1,597",Killing Season,Betty Thomas,91 min,2013,5.4
"1,598",I Spy,Mark Steven Johnson,97 min,2002,5.4
"1,599",Daredevil,Shane Black,103 min,2003,5.3
"1,600",The Predator,Scott Stewart,107 min,2018,5.3
"1,601",Legion,Josh Boone,100 min,2010,5.3
"1,602",The New Mutants,Gary Goddard,94 min,2020,5.3
"1,603",Masters of the Universe,Otto Bathurst,106 min,1987,5.3
"1,604",Robin Hood,Dean Devlin,116 min,2018,5.3
"1,605",Geostorm,Mark Steven Johnson,109 min,2017,5.3
"1,606",Ghost Rider,Ericson Core,110 min,2007,5.3
"1,607",Point Break,Lana Wachowski,114 min,2015,5.3
"1,608",Jupiter Ascending,John G. Avildsen,127 min,2015,5.3
"1,609",The Karate Kid Part III,Rachel Talalay,112 min,1989,5.3
"1,610",Tank Girl,Frank Marshall,104 min,1995,5.3
"1,611",Congo,Dan Bradley,109 min,1995,5.3
"1,612",Red Dawn,John Moore,93 min,2012,5.3
"1,613",Max Payne,Brad Silberling,100 min,2008,5.3
"1,614",Land of the Lost,Paul W.S. Anderson,102 min,2009,5.3
"1,615",Resident Evil: Retribution,Robert Rodriguez,95 min,2012,5.3
"1,616",Spy Kids 2: Island of Lost Dreams,Julie Anne Robinson,100 min,2002,5.3
"1,617",One for the Money,Ron Shelton,91 min,2012,5.3
"1,618",Hollywood Homicide,Danny Pang,116 min,2003,5.3
"1,619",Bangkok Dangerous,Rick Friedberg,99 min,2008,5.3
"1,620",Spy Hard,Jeff Renfroe,81 min,1996,5.3
"1,621",The Colony,John Hyams,95 min,I) (2013,5.3
"1,622",Universal Soldier: Regeneration,Enzo Zelocchi,97 min,2009,5.3
"1,623",The Way to Paradise,Michael Bay,85 min,2011,5.3
"1,624",Transformers: The Last Knight,Justin Lin,154 min,2017,5.2
"1,625",F9: The Fast Saga,Renny Harlin,143 min,2021,5.2
"1,626",The Covenant,Daniel Espinosa,97 min,2006,5.2
"1,627",Morbius,Paul W.S. Anderson,104 min,2022,5.2
"1,628",Monster Hunter,Rob Cohen,103 min,I) (2020,5.2
"1,629",The Mummy: Tomb of the Dragon Emperor,D.J. Caruso,112 min,2008,5.2
"1,630",xXx: Return of Xander Cage,Roland Emmerich,107 min,2017,5.2
"1,631",Independence Day: Resurgence,John Moore,120 min,2016,5.2
"1,632",A Good Day to Die Hard,Johannes Roberts,98 min,2013,5.2
"1,633",Resident Evil: Welcome to Raccoon City,Neil Marshall,107 min,2021,5.2
"1,634",Hellboy,Ana Lily Amirpour,120 min,2019,5.2
"1,635",The Bad Batch,Andrzej Bartkowiak,118 min,2016,5.2
"1,636",Doom,J Blakeson,105 min,2005,5.2
"1,637",The 5th Wave,Mark A.Z. Dippé,112 min,2016,5.2
"1,638",Spawn,Steve Carr,96 min,1997,5.2
"1,639",Paul Blart: Mall Cop,Bryan Spicer,91 min,2009,5.2
"1,640",Mighty Morphin Power Rangers,Stephen Hopkins,95 min,1995,5.2
"1,641",Lost in Space,Gerard McMurray,130 min,1998,5.2
"1,642",The First Purge,Raja Gosnell,97 min,2018,5.2
"1,643",Big Momma's House,Camille Delamarre,99 min,2000,5.2
"1,644",The Transporter Refueled,Gordon Chan,96 min,2015,5.2
"1,645",The Medallion,Rob Cohen,88 min,2003,5.2
"1,646",Alex Cross,Simon Hunter,101 min,2012,5.2
"1,647",Mutant Chronicles,Nelson Dilipkumar,111 min,2008,5.2
"1,648",Beast,Roland Emmerich,155 min,II) (2022,5.2
"1,649",Moonfall,David Slade,130 min,2022,5.1
"1,650",The Twilight Saga: Eclipse,Richard Fleischer,124 min,2010,5.1
"1,651",Red Sonja,Marcus Nispel,89 min,1985,5.1
"1,652",Conan the Barbarian,Stefen Fangmeier,113 min,2011,5.1
"1,653",Eragon,Roland Emmerich,104 min,2006,5.1
"1,654","10,000 BC",Lawrence Guterman,109 min,2008,5.1
"1,655",Cats & Dogs,Anne Fletcher,87 min,2001,5.1
"1,656",Hot Pursuit,John Singleton,87 min,2015,5.1
"1,657",Abduction,Stuart Beattie,106 min,I) (2011,5.1
"1,658","I, Frankenstein",Harald Zwart,92 min,2014,5.1
"1,659",Agent Cody Banks,Rob Cohen,102 min,2003,5.1
"1,660",Stealth,Hoyt Yeatman,121 min,2005,5.1
"1,661",G-Force,Geoffrey Sax,88 min,2009,5.1
"1,662",Stormbreaker,John Pasquin,93 min,2006,5.1
"1,663",Miss Congeniality 2: Armed & Fabulous,Stephen Kay,115 min,2005,5.1
"1,664",Get Carter,Farhad Samji,102 min,2000,5.1
"1,665",Bachchhan Paandey,Elizabeth Banks,147 min,2022,5.1
"1,666",Charlie's Angels,Richard Lester,118 min,2019,5.0
"1,667",Superman III,Roseanne Liang,125 min,1983,5.0
"1,668",Shadow in the Cloud,David M. Rosenthal,83 min,2020,5.0
"1,669",How It Ends,Simon Wincer,113 min,2018,5.0
"1,670",The Phantom,Albert Pyun,100 min,1996,5.0
"1,671",Cyborg,Gregory Dark,86 min,1989,5.0
"1,672",See No Evil,John Bruno,84 min,2006,5.0
"1,673",Virus,Paco Cabezas,99 min,1999,5.0
"1,674",Rage,Rohit Shetty,92 min,2014,5.0
"1,675",Dilwale,Barry Sonnenfeld,158 min,2015,5.0
"1,676",Wild Wild West,McG,106 min,1999,4.9
"1,677",Charlie's Angels: Full Throttle,Luis Llosa,106 min,2003,4.9
"1,678",Anaconda,Chris Gorak,89 min,1997,4.9
"1,679",The Darkest Hour,Mabrouk El Mechri,89 min,2011,4.9
"1,680",The Cold Light of Day,Patrick Lussier,93 min,2012,4.9
"1,681",Dracula 2000,John Carpenter,99 min,2000,4.9
"1,682",Ghosts of Mars,John Landis,98 min,2001,4.9
"1,683",Blues Brothers 2000,Farah Khan,123 min,1998,4.9
"1,684",Happy New Year,Frank Coraci,180 min,I) (2014,4.9
"1,685",The Ridiculous 6,Corey Yuen,119 min,2015,4.8
"1,686",DOA: Dead or Alive,M. Night Shyamalan,87 min,2006,4.8
"1,687",After Earth,Dwight H. Little,100 min,2013,4.8
"1,688",Tekken,Stuart Gillard,92 min,2010,4.8
"1,689",Teenage Mutant Ninja Turtles III,Hark Tsui,96 min,1993,4.8
"1,690",Double Team,Simon Wincer,93 min,1997,4.8
"1,691",Crocodile Dundee in Los Angeles,Frank M. Calo,95 min,2001,4.8
"1,692",Godsend,Karan Malhotra,102 min,2004,4.8
"1,693",Shamshera,Rob Bowman,178 min,2022,4.8
"1,694",Elektra,Willard Huyck,97 min,2005,4.7
"1,695",Howard the Duck,Farhad Samji,110 min,1986,4.7
"1,696",Kisi Ka Bhai Kisi Ki Jaan,Frank Miller,145 min,2023,4.7
"1,697",The Spirit,Ben Stiller,103 min,2008,4.7
"1,698",Zoolander 2,Jonathan Levine,101 min,2016,4.7
"1,699",Snatched,Dwight H. Little,90 min,2017,4.7
